X	SP_INTEGRAND	SP	PMF_RE
-90.91	0.0017748576845025667	1.0	-3.7361832636221959834
-90.7405005005005	0.0017744750275345811	0.99967832710370296834	-3.7362387889000499644
-90.571001001001	0.0017741965594661037	0.9993567141245853769	-3.7363323978598385277
-90.4015015015015	0.0017740217144467834	0.99903514222883371687	-3.7363911968913944485
-90.232002002002	0.001773949944821369	0.9987135926835498667	-3.736415359764132411
-90.0625025025025	0.0017739807208157533	0.9983920468534827064	-3.736405060324949003
-89.893003003003	0.0017741135302296177	0.9980704861978141329	-3.736360472498755697
-89.7235035035035	0.0017743478781354855	0.9977488922670012528	-3.7362817702907860566
-89.554004004004	0.0017746832865840096	0.9974272466996719766	-3.736169127786945203
-89.3845045045045	0.0017751192943153522	0.99710553121957379297	-3.736022719157032643
-89.215005005005	0.001775655456476475	0.9967837276325751672	-3.7358427186539490978
-89.0455055055055	0.0017762913443441963	0.99646181782371501257	-3.735629300615754025
-88.87600600600601	0.0017770265450538715	0.99613978375430523027	-3.735382639468218602
-88.7065065065065	0.0017778606613335106	0.99581760745907932364	-3.7351029097250987292
-88.537007007007	0.0017787933112432541	0.9954952710433906393	-3.7347902859891893778
-88.3675075075075	0.001779824127919996	0.9951727566804551284	-3.7344449429545938032
-88.198008008008	0.0017809527593270558	0.99485004660864262416	-3.7340670554075255597
-88.02850850850851	0.0017821788680087581	0.9945271231288106417	-3.7336567982275923401
-87.859009009009	0.0017835021308497845	0.99420396860168380737	-3.7332143463892743975
-87.6895095095095	0.0017849222388391618	0.9938805654452756988	-3.7327398749632687016
-87.52001001001001	0.0017864388968387888	0.99355689613235398383	-3.7322335591169030521
-87.3505105105105	0.0017880518233563242	0.99323294318794486113	-3.7316955741158814375
-87.18101101101101	0.001789760750322375	0.99290868918688168776	-3.7311260953252002972
-87.01151151151151	0.001791565422871851	0.99258411675139002206	-3.7305252982105342702
-86.842012012012	0.001793465599129326	0.9922592085487154101	-3.7298933583394930503
-86.67251251251251	0.0017954610499983674	0.99193394728878703237	-3.7292304513807070375
-86.503013013013	0.0017975515589546613	0.99160831572191987515	-3.7285367531066739364
-86.33351351351351	0.0017997369218428602	0.9912822966365549826	-3.7278124393937573163
-86.16401401401401	0.0018020169466770458	0.99095587285703523595	-3.727057686223610368
-85.9945145145145	0.0018043914534446933	0.990629027241417881	-3.72627266968260877
-85.82501501501501	0.0018068602739140347	0.99030174267932058463	-3.7254575659627408573
-85.65551551551552	0.0018094232514447456	0.98997400208980412817	-3.724612551363358011
-85.48601601601601	0.0018120802408018272	0.98964578841928796393	-3.723737802290373639
-85.31651651651651	0.0018148311079726285	0.98931708463949952215	-3.7228334952572664882
-85.14701701701702	0.001817675729986884	0.9889878737454568247	-3.7218998068847257339
-84.97751751751751	0.0018206139947396789	0.98865813875348185213	-3.720936913900582933
-84.80801801801802	0.001823645800817289	0.9883278626992475502	-3.7199449931418398898
-84.63851851851851	0.0018267710573257687	0.98799702863585647794	-3.718924221552885317
-84.46901901901902	0.0018299896837222177	0.98766561963194743345	-3.7178747761848735653
-84.29951951951952	0.0018333016096486617	0.9873336187698354971	-3.7167968341979371466
-84.13002002002001	0.0018367067747684367	0.9870010091436807187	-3.7156905728587866832
-83.96052052052052	0.0018402051286050163	0.98666777385768567044	-3.7145561695412099455
-83.79102102102102	0.0018437966303832087	0.98633389602432353094	-3.713393801725287939
-83.62152152152152	0.0018474812488726408	0.98599935876259237055	-3.7122036469971597386
-83.45202202202202	0.0018512589622334352	0.985664145196300856	-3.7109858830487558944
-83.28252252252253	0.0018551297578640645	0.985328238452378935	-3.7097406876753971088
-83.11302302302302	0.0018590936322512477	0.98499162165921638756	-3.708468238776531433
-82.94352352352352	0.001863150590821858	0.98465427794503024295	-3.7071687143544941841
-82.77402402402402	0.0018673006477967794	0.9843161904362567327	-3.7058422925125921654
-82.60452452452452	0.0018715438260465994	0.98397734225597022206	-3.704489151454440061
-82.43502502502503	0.001875880156949134	0.98363771652232889764	-3.703109469482959416
-82.26552552552552	0.0018803096802486841	0.98329729634704488017	-3.701703424998607045
-82.09602602602602	0.0018848324439169682	0.98295606483388109353	-3.7002711964976548519
-81.92652652652652	0.0018894485040156599	0.9826140050771715595	-3.6988129625712372944
-81.75702702702702	0.0018941579245605102	0.98227110016036833784	-3.6973289019028177248
-81.58752752752753	0.0018989607773869386	0.98192733315461100396	-3.6958191932665857033
-81.41802802802803	0.0019038571420170979	0.9815826871173217727	-3.6942840155256259646
-81.24852852852852	0.001908847105528277	0.98123714509082393675	-3.6927235476304483715
-81.07902902902903	0.001913930762422696	0.9808906901009850632	-3.6911379686154447387
-80.90952952952952	0.0019191082144985226	0.98054330515588139505	-3.689527457597482681
-80.74003003003003	0.0019243795707221511	0.9801949732444882324	-3.6878921937736442009
-80.57053053053053	0.0019297449471016258	0.97984567733539162937	-3.6862323564179667974
-80.40103103103102	0.001935204466561208	0.9794954003755229621	-3.6845481248797990245
-80.23153153153153	0.0019407582588170196	0.9791441252889178104	-3.6828396785802224084
-80.06203203203202	0.0019464064602536712	0.97879183497549460125	-3.6811071970093137697
-79.89253253253253	0.0019521492138019206	0.97843851230985778855	-3.6793508597239579965
-79.72303303303303	0.001957986668817232	0.978084140140122571	-3.6775708463441263128
-79.55353353353352	0.001963918980959224	0.97772870128676048207	-3.6757673365493693173
-79.38403403403403	0.0019699463120719488	0.9773721785414679619	-3.6739405100767004919
-79.21453453453454	0.001976068830064998	0.9770145546660566893	-3.6720905467163042564
-79.04503503503503	0.001982286708795333	0.97665581239136367575	-3.6702176263080259905
-78.87553553553553	0.0019886001279498496	0.97629593441618489624	-3.6683219287386043888
-78.70603603603604	0.001995009272928586	0.9759349034062289041	-3.6664036339373564477
-78.53653653653653	0.0020015143347285966	0.97557270199309154	-3.6644629218725057551
-78.36703703703704	0.0020081155098283904	0.97520931277325229036	-3.6624999725469444063
-78.19753753753753	0.0020148130000729497	0.97484471830709040763	-3.660514965995467406
-78.02803803803803	0.0020216070125592335	0.97447890111792390133	-3.6585080822793272694
-77.85853853853854	0.002028497759522176	0.97411184369106629255	-3.656479501482732911
-77.68903903903903	0.0020354854582211456	0.97374352847290690516	-3.654429403708953553
-77.51953953953954	0.0020425703308267775	0.9733739378700098088	-3.652357969075146685
-77.35004004004004	0.0020497526043082187	0.9730030542482340783	-3.6502653777083884758
-77.18054054054053	0.0020570325103206628	0.9726308599318737036	-3.6481518097410752515
-77.01104104104104	0.0020644102850932507	0.9722573372028190386	-3.646017445306419937
-76.84154154154155	0.0020718861693172037	0.97188246829973745644	-3.6438624645335056151
-76.67204204204204	0.0020794604080342093	0.971506235417274544	-3.641687047543023366
-76.50254254254254	0.002087133250525034	0.9711286207052763908	-3.6394913744418532628
-76.33304304304303	0.0020949049501983	0.9707496062680304183	-3.6372756253183484497
-76.16354354354354	0.0021027757644794262	0.9703691741635277479	-3.6350399802372409597
-75.99404404404405	0.0021107459546996906	0.9699873064027449976	-3.6327846192346608426
-75.82454454454454	0.0021188157859853888	0.9696039849489461737	-3.6305097223133845597
-75.65504504504504	0.002126985527147061	0.969219191717005768	-3.6282154694365358106
-75.48554554554555	0.002135255450568758	0.9688329085727493961	-3.6259020405231323653
-75.31604604604604	0.002143625832097335	0.96844511733231763984	-3.623569615442598555
-75.14654654654655	0.002152096950931724	0.9680557997615472088	-3.6212183740091488026
-74.97704704704705	0.0021606690895121707	0.9676649375753746396	-3.6188484959764335481
-74.80754754754754	0.0021693425334094337	0.96727251243725731467	-3.6164601610320056852
-74.63804804804805	0.0021781175712138677	0.9668785059586179065	-3.6140535487913149329
-74.46854854854854	0.002186994494424447	0.9664828996983050313	-3.6116288387924643372
-74.29904904904905	0.002195973597337609	0.96608567516207799475	-3.6091862104905511359
-74.12954954954955	0.002205055176936005	0.9656868138021086345	-3.606725843251397808
-73.96005005005004	0.0022142395327770337	0.9652862970165049239	-3.6042479163459460465
-73.79055055055055	0.00222352696688122	0.96488410614885411487	-3.6017526089449580762
-73.62105105105104	0.002232917783620357	0.96448022248778753074	-3.5992401001122050208
-73.45155155155155	0.00224241228960545	0.96407462726656256713	-3.5967105687983272637
-73.28205205205205	0.0022520107935743655	0.96366730166266867386	-3.5941641938365143586
-73.11255255255256	0.0022617136062792883	0.9632582267974515444	-3.5916011539344734093
-72.94305305305305	0.0022715210403737997	0.96284738373575784465	-3.5890216276694309025
-72.77355355355355	0.002281433410299757	0.96243475348560147964	-3.5864257934814403829
-72.60405405405405	0.0022914510321737666	0.96202031699784884555	-3.583813829667829212
-72.43455455455455	0.0023015742236733886	0.9616040551659265079	-3.5811859143771803985
-72.26505505505506	0.002311803303922973	0.9611859488255487527	-3.5785422256019101099
-72.09555555555555	0.00232213859337912	0.9607659787544641228	-3.5758829411727953906
-71.92605605605605	0.0023325804137157816	0.96034412567222615653	-3.5732082387532291918
-71.75655655655655	0.002343129087708975	0.95992037023998222356	-3.570518295832223844
-71.58705705705705	0.0023537849391210776	0.9594946930602845647	-3.5678132897182758955
-71.41755755755756	0.00236454829258474	0.95906707467692209335	-3.565093397532926824
-71.24805805805806	0.002375419473486315	0.9586374955747725135	-3.562358796204961964
-71.07855855855856	0.002386398807848922	0.958205936179677753	-3.5596096624635950886
-70.90905905905906	0.002397486622215002	0.95777237685833749303	-3.5568461728316749723
-70.73955955955955	0.0024086832435284435	0.9573367979182267895	-3.5540685036207806638
-70.57006006006006	0.002419988999016238	0.9568991796075339007	-3.5512768309235846595
-70.40056056056056	0.0024314042160696638	0.956459502115119764	-3.5484713306076912684
-70.23106106106106	0.002442929222124949	0.95601774557049834513	-3.545652178309476625
-70.06156156156156	0.002454564344543499	0.9555738900438403016	-3.5428195494275521527
-69.89206206206205	0.0024663099104915683	0.95512791554599640875	-3.539973619117475064
-69.72256256256256	0.002478166246819466	0.95467980202854596516	-3.537114562283330821
-69.55306306306306	0.0024901336799402094	0.95422952938386174093	-3.5342425535726158465
-69.38356356356356	0.0025022125357077015	0.9537770774452033473	-3.531357767370502785
-69.21406406406406	0.002514403139294334	0.953322425986827926	-3.528460377792281552
-69.04456456456457	0.002526705815068118	0.9528655547241259294	-3.525550558677484829
-68.87506506506506	0.002539120886469205	0.95240644331377655174	-3.5226284835837099062
-68.70556556556556	0.0025516486758859584	0.95194507135392902875	-3.51969432578055548
-68.53606606606607	0.00256428950453041	0.9514814183844032547	-3.5167482582427576309
-68.36656656656656	0.0025770436923132248	0.9510154638869148247	-3.5137904536443308036
-68.19706706706707	0.0025899115577180743	0.9505471872853221704	-3.510821084352059435
-68.02756756756756	0.0026028934176755194	0.95007656794589656624	-3.5078403224198820235
-67.85806806806806	0.0026159895874362828	0.94960358517761545016	-3.504848339582302898
-67.68856856856857	0.002629200380444028	0.9491282182324785044	-3.5018453072479834836
-67.51906906906906	0.0026425261082075667	0.9486504463058458292	-3.4988313964939638187
-67.34956956956957	0.002655967080172497	0.94817024853680154095	-3.4958067780596550208
-67.18007007007006	0.0026695236035923576	0.9476876040085384645	-3.4927716223410080372
-67.01057057057056	0.002683195983399162	0.9472024917487683604	-3.4897260993832814623
-66.84107107107107	0.002696984522073457	0.9467148907301523586	-3.4866703788765177762
-66.67157157157158	0.0027108895195137894	0.94622477987075981343	-3.483604630149114168
-66.50207207207207	0.0027249112729056833	0.94573213803454592163	-3.480529022161707817
-66.33257257257257	0.0027390500765900475	0.94523694403185742896	-3.4774437235012622199
-66.16307307307306	0.0027533062219310877	0.9447391766199580987	-3.4743489023753343647
-65.99357357357357	0.0027676799971836706	0.9442388145035819358	-3.4712447266063554468
-65.82407407407408	0.002782171687360169	0.9437358363355076163	-3.4681313636262927685
-65.65457457457457	0.002796781574096847	0.9432302207171597841	-3.4650089804705897956
-65.48507507507507	0.0028115099355196507	0.9427219461992319971	-3.4618777437718361708
-65.31557557557556	0.002826357046109605	0.9422109912823353195	-3.458737819755246521
-65.14607607607607	0.0028413231765676288	0.94169733441767145	-3.4555893742327028475
-64.97657657657658	0.0028564085936789415	0.94118095400773038595	-3.4524325725976359464
-64.80707707707708	0.0028716135601769433	0.94066182840701251244	-3.4492675798186692418
-64.63757757757757	0.002886938334606656	0.94013993592277467215	-3.446094560434938154
-64.46807807807808	0.00290238317118772	0.9396152548158026585	-3.4429136785508592349
-64.29857857857857	0.0029179483196769256	0.93908776330120735665	-3.439725097830517177
-64.12907907907908	0.002933634025230327	0.9385574395492459754	-3.436528981492316399
-63.959579579579575	0.0029494405282649216	0.9380242616861687033	-3.4333254923045118613
-63.790080080080074	0.002965368064319947	0.93748820779509045575	-3.4301147925791771165
-63.62058058058058	0.002981416863917727	0.9369492559168869361	-3.4268970441676938098
-63.45108108108108	0.0029975871524242077	0.93640738405111723086	-3.4236724084563440217
-63.28158158158158	0.0030138791499090523	0.9358625701569716071	-3.4204410463602354904
-63.11208208208208	0.0030302930710054228	0.9353147921542429577	-3.4172031183187626005
-62.94258258258258	0.0030468291247694006	0.9347640279243256689	-3.4139587842913714795
-62.77308308308308	0.0030634875145390925	0.934210255311239135	-3.41070820375257312
-62.603583583583585	0.0030802684377934024	0.9336534521226774741	-3.4074515356870365738
-62.43408408408408	0.0030971720860105256	0.933093596131083447	-3.4041889385851046524
-62.26458458458458	0.00311419864452616	0.9325306650747497983	-3.4009205704385256997
-62.09508508508508	0.0031313482923914595	0.93196463665894535566	-3.39764658873568884
-61.92558558558558	0.0031486212022307056	0.9313954885570666642	-3.394367150457088088
-61.756086086086086	0.0031660175400988113	0.93082319841181615505	-3.3910824120713703184
-61.586586586586584	0.0031835374653385786	0.93024774383640562725	-3.387792529530822963
-61.41708708708708	0.0032011811304377374	0.92966910241578581964	-3.3844976582676512707
-61.24758758758759	0.0032189486808859016	0.9290872517079028503	-3.38119795318909238
-61.07808808808809	0.00323684025503128	0.92850216924497785964	-3.377893568673728226
-60.908588588588586	0.0032548559839373054	0.9279138325348161853	-3.3745846585676548496
-60.73908908908909	0.003272995991239164	0.9273222190621395189	-3.3712713761802640161
-60.56958958958958	0.003291260393000189	0.9267273062899461511	-3.3679538742808979616
-60.40009009009009	0.0033096492975682405	0.92612907166089630806	-3.3646323050943833315
-60.23059059059059	0.0033281628054319993	0.92552749259872335585	-3.3613068202977006314
-60.061091091091086	0.003346801009077272	0.92492254650967131724	-3.357977571016620448
-59.89159159159159	0.003365563992843281	0.9243142107839594779	-3.3546447078215287589
-59.72209209209209	0.0033844518327789705	0.9237024627972701962	-3.3513083807244614955
-59.55259259259259	0.0034034645964993865	0.92308727991226680043	-3.3479687391755200254
-59.383093093093095	0.0034226023430421228	0.92246863948013335666	-3.344625932059394587
-59.213593593593586	0.003441865122723844	0.92184651884214396933	-3.341280107692264577
-59.04409409409409	0.003461252976996971	0.921220895331255063	-3.3379314138183217911
-58.87459459459459	0.0034807659383064822	0.92059174627372630795	-3.3345799976072392954
-58.70509509509509	0.0035004040299469277	0.9199590489907654156	-3.3312260056505401614
-58.535595595595595	0.003520167265919603	0.9193227808002004675	-3.327869583958875785
-58.36609609609609	0.003540055650790008	0.91868291901817644707	-3.3245108779587558383
-58.19659659659659	0.003560069179545498	0.9180394409608786388	-3.3211500324906057947
-58.0270970970971	0.003580207837453292	0.9173923239462828949	-3.3177871918049914126
-57.8575975975976	0.003600471599918762	0.91674154529592799534	-3.314422499560250082
-57.688098098098095	0.0036208604323440404	0.91608708233671809484	-3.311056098820302138
-57.518598598598594	0.003641374289987042	0.91542891240274748554	-3.3076881320516146995
-57.3490990990991	0.0036620131178208906	0.914767012837152782	-3.3043187411208599852
-57.1795995995996	0.0036827768503937563	0.91410136099398908716	-3.300948067292471209
-57.0101001001001	0.00370366541168913	0.91343193424013280346	-3.2975762512264396994
-56.840600600600595	0.003724678714986674	0.91275870995720898016	-3.2942034329762131552
-56.6711011011011	0.003745816662723528	0.9120816655435446396	-3.2908297519858093995
-56.5016016016016	0.0037670791463561967	0.91140077841614497434	-3.2874553470883785431
-56.3321021021021	0.003788466046222994	0.91071602601269818766	-3.284080356504034368
-56.1626026026026	0.0038099772314071855	0.9100273857936015398	-3.2807049178376709146
-55.9931031031031	0.0038316125596006972	0.9093348352440150384	-3.2773291680770434277
-55.8236036036036	0.003853371876968566	0.9086383518759370004	-3.2739532435912195713
-55.6541041041041	0.0038752550180140895	0.90793791323030748064	-3.270577280128579423
-55.484604604604606	0.0038972618054447104	0.90723349687913246164	-3.2672014128150447256
-55.315105105105104	0.003919392050038732	0.9065250804276353547	-3.2638257761525561282
-55.1456056056056	0.003941645550512838	0.9058126415164299283	-3.2604505040175288373
-54.9761061061061	0.003964022093390393	0.9050961578237201044	-3.2570757296595840527
-54.80660660660661	0.003986521452870783	0.90437560706752084805	-3.2537015856994098973
-54.637107107107106	0.0040091433906995445	0.9036509670079038159	-3.2503282041279901186
-54.467607607607604	0.00403188765603949	0.9029222154492666519	-3.2469557163052527244
-54.2981081081081	0.00405475398534289	0.9021893302426254868	-3.24358425295866722
-54.12860860860861	0.004077742102224574	0.90145228928792986434	-3.2402139441821890267
-53.95910910910911	0.004100851717336211	0.90071107053640164786	-3.2368449194349730284
-53.789609609609606	0.004124082528241612	0.89996565199289502157	-3.2334773075402319477
-53.620110110110105	0.004147434219293195	0.8992160117182805834	-3.2301112366851239257
-53.45061061061061	0.004170906461509636	0.8984621278318519755	-3.2267468344187745539
-53.28111111111111	0.004194498912454724	0.8977039785137518324	-3.2233842276516114006
-53.11161161161161	0.004218211216117461	0.89694154200742270966	-3.2200235426552747003
-52.94211211211211	0.004242043002793422	0.89617479662207855107	-3.2166649050610246839
-52.77261261261261	0.004265993888967509	0.89540372073519602925	-3.2133084398597419613
-52.60311311311311	0.004290063477197987	0.894628292795030422	-3.209954271400824434
-52.43361361361361	0.004314251356001943	0.8938484913231479201	-3.2066025233918513603
-52.264114114114115	0.00433855709974221	0.89306429491698324785	-3.2032533188982750083
-52.09461461461461	0.004362980268515712	0.89227568225241360444	-3.1999067803423148924
-51.92511511511511	0.004387520408043345	0.8914826320863549203	-3.1965630295036430797
-51.75561561561561	0.0044121770495614224	0.8906851232593787637	-3.1932221875181969041
-51.586116116116116	0.0044369497097146784	0.8898831346983453461	-3.189884374877896328
-51.416616616616615	0.0044618378904508664	0.889076645419059286	-3.1865497114311604815
-51.247117117117114	0.004486841078917113	0.88826563452894269357	-3.1832183163823016005
-51.07761761761761	0.004511958747357888	0.88745008122972757203	-3.1798903082910182822
-50.90811811811812	0.004537190353014707	0.886629964820164429	-3.1765658050730984612
-50.73861861861862	0.004562535338027689	0.88580526469875320306	-3.1732449240002148897
-50.569119119119115	0.004587993129338856	0.88497596036648695783	-3.1699277816996679431
-50.399619619619614	0.004613563138597279	0.8841420314296172256	-3.1666144941546361766
-50.23012012012012	0.00463924476206618	0.8833034576024321183	-3.1633051767043105056
-50.06062062062062	0.0046650373805319275	0.8824602187100554218	-3.159999944044748207
-49.89112112112112	0.00469094035921493	0.8816122946912594571	-3.1566989102280626576
-49.72162162162162	0.004716953047682673	0.8807596656012937064	-3.1534021886632000763
-49.55212212212212	0.004743074779764667	0.8799023116147300927	-3.1501098921167067592
-49.38262262262262	0.004769304873469549	0.87904021302832380247	-3.146822132712647058
-49.21312312312312	0.0047956426309042795	0.87817335026388743113	-3.1435390219331059397
-49.043623623623624	0.004822087338195496	0.8773017038711808935	-3.140260670618687663
-48.87412412412412	0.00484863826541303	0.87642525453081421283	-3.136987188969355491
-48.70462462462462	0.0048752946664957384	0.8755439830571659643	-3.1337186865447331308
-48.53512512512512	0.004902055779179481	0.8746578704013123762	-3.1304552722646691008
-48.365625625625626	0.0049289208249275	0.8737668976539713084	-3.1271970544101871088
-48.196126126126124	0.004955889008863109	0.87287104604845755507	-3.1239441406241128943
-48.02662662662662	0.0049829595197047275	0.8719702969636509149	-3.1206966379117167957
-47.85712712712712	0.005010131529703361	0.8710646319269749194	-3.117454652641442413
-47.68762762762763	0.005037404194582544	0.8701540326173869966	-3.1142182905461004885
-47.518128128128126	0.005064776653480733	0.8692384808683801811	-3.110987656723648907
-47.348628628628624	0.005092248028896244	0.8683179586709938169	-3.1077628556375663993
-47.17912912912913	0.005119817426634745	0.86739244817683380795	-3.1045439911186317055
-47.00962962962963	0.005147483935759307	0.8664619317011044153	-3.101331166365728654
-46.84013013013013	0.005175246628543147	0.86552639172564627135	-3.0981244839460250096
-46.670630630630626	0.005203104560424971	0.8645858109019828319	-3.0949240457972331069
-46.50113113113113	0.005231056769967031	0.86364017205437793034	-3.0917299532282076803
-46.33163163163163	0.005259102278815972	0.86268945818289599625	-3.0885423069197144987
-46.16213213213213	0.00528724009166629	0.8617336524664725994	-3.085361206926405328
-45.99263263263263	0.005315469196226762	0.86077273826599065565	-3.08218675267733841
-45.82313313313313	0.00534378856318961	0.85980669912736062965	-3.079019042977402503
-45.65363363363363	0.005372197146202524	0.8588355187846086203	-3.0758581760087955745
-45.48413413413413	0.005400693881843603	0.8578591811629673325	-3.0727042493321933998
-45.31463463463463	0.005429277689599221	0.8568776703819730445	-3.0695573598880824034
-45.145135135135135	0.0054579474718448396	0.85589097075856424013	-3.0664176039980976403
-44.97563563563563	0.005486702113828824	0.85489906681018557055	-3.0632850773664644316
-44.80613613613613	0.0055155404836592535	0.85390194325789248175	-3.0601598750813435853
-44.63663663663664	0.005544461432293769	0.8528995850294599501	-3.0570420916165261232
-44.46713713713714	0.005573463793532536	0.85189197726249110687	-3.0539318208326329666
-44.297637637637635	0.005602546384014332	0.850879105307527861	-3.050829155978673914
-44.128138138138134	0.005631708003215655	0.84986095473116129995	-3.047734189693601288
-43.95863863863864	0.005660947433453113	0.8488375113191423127	-3.0446470140081108406
-43.78913913913914	0.005690263439888948	0.8478087610794921014	-3.0415677203460357292
-43.61963963963964	0.005719654770539791	0.8467746902456101399	-3.0384963995257472827
-43.450140140140135	0.0057491201562886425	0.8457352852793810216	-3.035433141761932457
-43.28064064064064	0.005778658310900103	0.8446905328742781993	-3.0323780366674283732
-43.11114114114114	0.005808267931038967	0.84364041995846605904	-3.0293311732549818003
-42.94164164164164	0.00583794769629207	0.8425849336978972204	-3.0262926399384225153
-42.77214214214214	0.005867696269193467	0.84152406149940506275	-3.0232625245346595154
-42.60264264264264	0.005897512295253002	0.8404577910137924768	-3.0202409142657677293
-42.43314314314314	0.0059273944029883075	0.8393861101389153978	-3.017227895760477759
-42.26364364364364	0.005957341203960066	0.8383090070227590118	-3.0142235550555708786
-42.09414414414414	0.005987351292810889	0.83722647006650730006	-3.0112279775982055362
-41.924644644644644	0.006017423247307495	0.8361384879276066995	-3.0082412482476022066
-41.75514514514514	0.006047555628386414	0.8350450495228199932	-3.005263451276948024
-41.58564564564564	0.006077746980203165	0.83394614403127365065	-3.0022946703751053992
-41.41614614614615	0.0061079958301849865	0.8328417608974936215	-2.9993349886483271658
-41.246646646646646	0.006138300689086991	0.8317318898344324696	-2.9963844886225877123
-41.077147147147144	0.006168660051051952	0.83061652082648673723	-2.993443252245171324
-40.90764764764764	0.006199072393673587	0.8294956441325014307	-2.990511360886769766
-40.73814814814815	0.006229536178063456	0.82836925028876473576	-2.9875888953431535989
-40.56864864864865	0.006260049848921395	0.8272373301119874123	-2.9846759358371518491
-40.399149149149146	0.006290611834609585	0.8260998747022720856	-2.9817725620211596488
-40.229649649649645	0.00632122054723019	0.82495687544606810526	-2.9788788529785217355
-40.06015015015015	0.006351874382706701	0.8238083240191100831	-2.9759948872253559947
-39.89065065065065	0.006382571720868786	0.82265421238934277604	-2.973120742713278993
-39.72115115115115	0.00641331092554093	0.82149453281983164654	-2.9702564968308683099
-39.551651651651646	0.0064440903446345826	0.82032927787165377254	-2.9674022264058972026
-39.38215215215215	0.006474908310244064	0.81915844040677543436	-2.9645580077071905481
-39.21265265265265	0.0065057631387461425	0.81798201359090771945	-2.9617239164468042317
-39.04315315315315	0.006536653130903213	0.8167999908963485822	-2.9589000277821203113
-38.873653653653655	0.006567576571970221	0.81561236610480147835	-2.956086416317652881
-38.70415415415415	0.0065985317318052565	0.8144191333101771235	-2.9532831561075061568
-38.53465465465465	0.006629516864983819	0.813220286921373936	-2.950490320657076891
-38.36515515515515	0.0066605302109168435	0.81201582166503705196	-2.9477079829253217873
-38.195655655655656	0.006691569993972298	0.8108057325882963573	-2.94493621532682161
-38.026156156156155	0.006722634423600605	0.80959001506148142724	-2.9421750897338803422
-37.856656656656654	0.006753721694463737	0.8083686647808141501	-2.9394246774786655135
-37.68715715715715	0.006784829986567877	0.80714167777107725943	-2.93668504935509769
-37.51765765765766	0.006815957465399989	0.8059090503882575529	-2.933956275621219512
-37.34815815815816	0.006847102282067926	0.8046707793221661298	-2.9312384260014277121
-37.178658658658655	0.006878262573444256	0.8034268615990313167	-2.9285315696879987964
-37.009159159159154	0.006909436462313814	0.80217729458406450416	-2.9258357753438893536
-36.83965965965966	0.0069406220575249115	0.8009220759840020021	-2.9231511111046119668
-36.67016016016016	0.0069718174541442005	0.7996612038496151431	-2.9204776445801168482
-36.50066066066066	0.007003020733615256	0.7983946765781949617	-2.917815442857306624
-36.33116116116116	0.007034229963920735	0.7971224929160066752	-2.9151645725021155288
-36.16166166166166	0.007065443199748227	0.795844651960714744	-2.9125250995613932937
-35.99216216216216	0.00709665848265981	0.79456115316377651236	-2.9098970895652062744
-35.82266266266266	0.0071278738412650765	0.79327199633280665036	-2.9072806075291547385
-35.653163163163164	0.0071590872913979255	0.7919771816339084003	-2.9046757179561552833
-35.48366366366366	0.007190296836296868	0.7906767095939725154	-2.9020824848389312647
-35.31416416416416	0.007221500466788933	0.7893705811029446684	-2.8995009716619424382
-35.14466466466466	0.0072526961614771705	0.78805879741605699973	-2.8969312414036001665
-34.975165165165166	0.007283881886931635	0.7867413601560274694	-2.894373356538504285
-34.805665665665664	0.007315055597884072	0.78541827131522268246	-2.891827379039408291
-34.63616616616616	0.007346215237425844	0.78408953325778596444	-2.8892933703794110999
-34.46666666666666	0.007377358737209645	0.78275514872172879954	-2.886771391534193635
-34.29716716716717	0.007408484017654519	0.78141512082098585346	-2.8842615029841692322
-34.127667667667666	0.007439588988154343	0.78006945304743224856	-2.881763764716482889
-33.958168168168164	0.0074706715472898306	0.77871814927286242547	-2.8792782362273129017
-33.78866866866867	0.007501729583043832	0.77736121375093159003	-2.8768049765237752088
-33.61916916916917	0.007532760973020097	0.7759986511190548608	-2.8743440441262390155
-33.44966966966967	0.007563763584665379	0.77463046640027066747	-2.8718954970706189378
-33.280170170170166	0.0075947352754948145	0.7732566650050602952	-2.869459392910029828
-33.11067067067067	0.007625673893320672	0.77187725273312701724	-2.8670357887172647205
-32.94117117117117	0.007656577276484402	0.7704922357751344819	-2.8646247410867890714
-32.77167167167167	0.007687443254091745	0.7691016207144012462	-2.8622263061370003378
-32.60217217217217	0.007718269646251298	0.7677054145285547859	-2.8598405395121957125
-32.43267267267267	0.007749054264316085	0.76630362459113854356	-2.8574674963844833248
-32.26317317317317	0.007779794911128355	0.7648962586731775648	-2.8551072314564148206
-32.09367367367367	0.007810489381267432	0.763483324944699393	-2.8527597989624983014
-31.92417417417417	0.0078411354613007	0.7620648319762073353	-2.8504252526716407474
-31.754674674674675	0.007871730930037618	0.76064078874011165077	-2.8481036458892556998
-31.585175175175173	0.00790227355878667	0.7592112046121110014	-2.8457950314589775614
-31.415675675675672	0.007932761111615361	0.75777608937252882715	-2.8434994617651140516
-31.246176176176178	0.007963191345613147	0.7563354532076026482	-2.841216988734569833
-31.076676676676676	0.007993562011157097	0.7548893067107238508	-2.838947663838872953
-30.907177177177175	0.008023870852180627	0.75343766088363095523	-2.8366915380962876084
-30.737677677677674	0.008054115606444878	0.7519805271375524791	-2.8344486620736247962
-30.56817817817818	0.008084294005812804	0.7505179172943002852	-2.8322190858886207817
-30.398678678678678	0.00811440377652619	0.7490498435873148564	-2.8300028592118774012
-30.229179179179177	0.008144442639485168	0.74757631866265794596	-2.827800031268652635
-30.059679679679675	0.008174408310530302	0.7460973555799556012	-2.8256106508410972098
-29.89018018018018	0.00820429850072747	0.7446129678132892282	-2.8234347662701359876
-29.72068068068068	0.008234110916655019	0.7431231692520349208	-2.821272425457599615
-29.551181181181178	0.008263843260693649	0.74162797420165116336	-2.8191236758680578132
-29.381681681681677	0.008293493231318432	0.74012739738441257753	-2.8169885645307895664
-29.212182182182183	0.008323058523393519	0.738621453940091266	-2.8148671380419195952
-29.04268268268268	0.008352536828468928	0.73711015942658475453	-2.8127594425663416191
-28.87318318318318	0.008381925835079726	0.7355935298204896444	-2.8106655238393804665
-28.70368368368368	0.008411223229047405	0.7340715815176198644	-2.8085854271690108273
-28.534184184184184	0.008440426693783384	0.7325443313334720763	-2.8065191974378716922
-28.364684684684683	0.008469533910594716	0.73101179650363445894	-2.8044668791049473429
-28.19518518518518	0.008498542558991712	0.7294739946841402034	-2.8024285162075066838
-28.025685685685687	0.008527450316997654	0.72793094395176516365	-2.8004041523631144877
-27.856186186186186	0.008556254861460487	0.726382662804268997	-2.79839383077139256
-27.686686686686684	0.00858495386836619	0.7248291701605796833	-2.7963975942161004705
-27.517187187187183	0.008613545013154278	0.72327048536092219955	-2.7944154850668173678
-27.34768768768769	0.008642025971034724	0.72170662816688735397	-2.7924475452807415111
-27.178188188188187	0.008670394417306876	0.7201376187614453306	-2.790493816404788795
-27.008688688688686	0.00869864802767977	0.71856347774890039215	-2.7885543395772657874
-26.839189189189185	0.008726784478594242	0.7169842261547876294	-2.786629155529675315
-26.66968968968969	0.008754801447546317	0.7153998854257104245	-2.7847183045885241085
-26.50019019019018	0.008782696613412305	0.71381047742911996057	-2.7828218266772619524
-26.330690690690687	0.008810467656774984	0.7122160244530360007	-2.780939761317837099
-26.161191191191193	0.008838112260251378	0.7106165492057067157	-2.7790721476327985037
-25.991691691691685	0.008865628108821664	0.7090120748152116681	-2.7772190243467454892
-25.82219219219219	0.008893012890159162	0.7074026248290021801	-2.7753804297881665697
-25.652692692692696	0.008920264294961662	0.7057882232133840805	-2.7735564018913376973
-25.483193193193188	0.008947380017283658	0.7041688943529385014	-2.7717469781978734665
-25.313693693693693	0.008974357754869574	0.7025446630498846101	-2.76995219585853586
-25.1441941941942	0.00900119520948795	0.7009155545233790585	-2.7681720916348215259
-24.97469469469469	0.009027890087266427	0.6992815944087565905	-2.7664067019008618865
-24.805195195195196	0.009054440099027531	0.69764280875671058624	-2.7646560626449377131
-24.635695695695688	0.009080842960625187	0.69599922403240988	-2.7629202094712032615
-24.466196196196194	0.009107096393281793	0.6943508671145578459	-2.7611991776012310559
-24.2966966966967	0.009133198123925908	0.6926977652943869801	-2.7594930018758157216
-24.12719719719719	0.009159145885530438	0.691039946274595307	-2.7578017167567006715
-23.957697697697697	0.009184937417451182	0.68937743816822050213	-2.7561253563277773135
-23.788198198198202	0.009210570465765797	0.6877102694974501773	-2.7544639542969631386
-23.618698698698694	0.009236042783612983	0.6860384691923743228	-2.752817543998021296
-23.4491991991992	0.009261352131531838	0.6843620665896753552	-2.7511861583916405924
-23.27969969969969	0.00928649627780145	0.68268109143125355054	-2.749569830067246883
-23.110200200200197	0.009311472998780358	0.6809955738627956334	-2.7479685912446826083
-22.940700700700702	0.0093362800792462	0.67930554443227841865	-2.7463824737755682726
-22.771201201201194	0.009360915312735066	0.67761103408841216744	-2.7448115091447644115
-22.6017017017017	0.00938537650188081	0.67591207417902243737	-2.74325572847206953
-22.432202202202205	0.009409661458754055	0.674208696449370426	-2.741715162513635124
-22.262702702702697	0.009433768005200807	0.67250093304041114184	-2.7401898416633841938
-22.093203203203203	0.009457693973180865	0.67078881648699206774	-2.7386797959545479007
-21.92370370370371	0.009481437205105482	0.669072379715987986	-2.73718505506109903
-21.7542042042042	0.009504995554174726	0.6673516560443767398	-2.7357056482992106502
-21.584704704704706	0.009528366884713965	0.6656266791772533775	-2.7342416046287073119
-21.415205205205197	0.009551549072509885	0.66389748320578279017	-2.7327929526543497788
-21.245705705705703	0.00957454000514559	0.6621641026050916201	-2.7313597206272572713
-21.07620620620621	0.00959733758233476	0.6604265722321001064	-2.7299419364466150193
-20.9067067067067	0.009619939716255103	0.65868492732329353423	-2.7285396276605576797
-20.737207207207206	0.009642344331880567	0.6569392034924320667	-2.7271528214677218248
-20.56770770770771	0.009664549367312559	0.65518943672820173507	-2.7257815447188018234
-20.398208208208203	0.009686552774110005	0.6534356633918051438	-2.7244258239175395875
-20.22870870870871	0.009708352517618158	0.6516779202144923344	-2.723085685222206203
-20.059209209209214	0.009729946577296018	0.64991624429503214166	-2.721761154446883097
-19.889709709709706	0.00975133294704243	0.6481506730971239305	-2.7204522570627681312
-19.72021021021021	0.009772509635520702	0.6463812444467523788	-2.7191590181993594878
-19.550710710710703	0.0097934746664816	0.64460799652947975424	-2.7178814626458054245
-19.38121121121121	0.009814226079084807	0.64283096788768445684	-2.716619614852080513
-19.211711711711715	0.009834761928218607	0.6410501974177369444	-2.7153734989302394046
-19.042212212212206	0.009855080284817783	0.6392657243671213685	-2.7141431386556090681
-18.872712712712712	0.009875179236179818	0.6374775883314978131	-2.7129285574679775622
-18.703213213213218	0.009895056886278819	0.63568582925170813436	-2.7117297784728774954
-18.53371371371371	0.009914711356077863	0.63389048741072462345	-2.7105468244425586413
-18.364214214214215	0.009934140783838974	0.63209160343054304754	-2.7093797178172553315
-18.194714714714706	0.009953343325430911	0.63028921826901829206	-2.7082284807064042663
-18.025215215215212	0.00997231715463504	0.6284833732166466014	-2.707093134889569553
-17.855715715715718	0.009991060463448548	0.6266741098932897547	-2.70597370181764519
-17.68621621621621	0.01000957146238544	0.6248614702448467284	-2.704870202614102491
-17.516716716716715	0.010027848380775152	0.6230454965398714018	-2.7037826580757850958
-17.34721721721722	0.010045889467058517	0.6212262313661330859	-2.7027110886740864633
-17.177717717717712	0.010063692989081125	0.61940371762712731485	-2.7016555145561107773
-17.008218218218218	0.010081257234384213	0.6175779985385322357	-2.7006159555455275022
-16.838718718718724	0.010098580510492505	0.61574911762461170817	-2.699592431143772495
-16.669219219219215	0.010115661145199554	0.6139171187145681108	-2.698584960530839664
-16.49971971971972	0.010132497486850052	0.6120820459388423007	-2.6975935625663237801
-16.330220220220212	0.01014908790461909	0.6102439437253630583	-2.696618255790645593
-16.160720720720718	0.010165430788788678	0.60840285679574768185	-2.6956590584256433839
-15.991221221221224	0.010181524551020914	0.6065588301614495137	-2.6947159883756765398
-15.821721721721715	0.010197367624628112	0.60471190911985928107	-2.6937890632286332192
-15.652222222222221	0.010212958464839815	0.60286213925035692096	-2.6928783002566905927
-15.482722722722727	0.010228295549066251	0.6010095664103140001	-2.6919837164172904993
-15.313223223223218	0.010243377377158693	0.59915423673105017155	-2.6911053283540531036
-15.143723723723724	0.010258202471666304	0.5972961966137430023	-2.690243152397532466
-14.97422422422423	0.010272769378089493	0.59543549272528939476	-2.689397204566119789
-14.804724724724721	0.010287076665129735	0.59357217199412359854	-2.6885675005669978001
-14.635225225225227	0.01030112292493577	0.5917062816059903696	-2.687754055796755295
-14.465725725725719	0.010314906773346205	0.58983786899967105555	-2.6869568853422913424
-14.296226226226224	0.010328426850128266	0.5879669818626698241	-2.6861760039815929981
-14.12672672672673	0.010341681819212878	0.58609366812685359527	-2.685411426184599383
-13.957227227227222	0.01035467036892586	0.58421797596405244946	-2.6846631661138229696
-13.787727727727727	0.01036739121221511	0.58233995378161662604	-2.6839312376251191002
-13.618228228228233	0.01037984308687403	0.58045965021793344274	-2.6832156542685506038
-13.448728728728724	0.010392024755760712	0.57857711413790391397	-2.6825164292888527395
-13.27922922922923	0.01040393500701322	0.5766923946283801783	-2.6818335756262967568
-13.109729729729722	0.010415572654260663	0.574805540993563735	-2.681167105917471671
-12.940230230230227	0.01042693653683003	0.5729166027503673764	-2.6805170324956918157
-12.770730730730733	0.010438025519948926	0.5710256296237372631	-2.6798833673918482944
-12.601231231231225	0.0104488384949439	0.56913267154194147057	-2.679266122335009994
-12.43173173173173	0.010459374379434476	0.56723777863182167636	-2.6786653087529059645
-12.262232232232236	0.010469632117522838	0.5653410012140092089	-2.678080937772719024
-12.092732732732728	0.010479610679978935	0.5634423897981089002	-2.6775130202216155058
-11.923233233233233	0.010489309064421292	0.56154199507784918755	-2.6769615666272270807
-11.753733733733739	0.010498726295493168	0.55963986792619857535	-2.676426587218328837
-11.58423423423423	0.010507861425034135	0.55773605939045234337	-2.6759080919253510442
-11.414734734734736	0.010516713532247141	0.5558306206872881683	-2.6754060903808763218
-11.245235235235228	0.010525281723860741	0.55392360319779065936	-2.6749205919201757295
-11.075735735735734	0.010533565134286773	0.55201505846244869335	-2.6744516055816978507
-10.90623623623624	0.010541562925773252	0.55010503817612321775	-2.673999140107565339
-10.73673673673673	0.010549274288552393	0.5481935941829880754	-2.6735632039440550218
-10.567237237237237	0.010556698440983964	0.54628077847144596024	-2.673143805241954701
-10.397737737737742	0.010563834629693623	0.5443666431690153962	-2.6727409518571447979
-10.228238238238234	0.010570682129706419	0.54245124053719717683	-2.672354651350996804
-10.05873873873874	0.01057724024457546	0.540534622966314382	-2.6719849109906218636
-9.889239239239231	0.01058350830650542	0.53861684297032974555	-2.671631737749378457
-9.719739739739737	0.010589485676471243	0.5366979531816420401	-2.6712951383072862867
-9.550240240240242	0.010595171744331687	0.5347780063458611455	-2.6709751190513769893
-9.380740740740734	0.010600565928937909	0.5328570553165620227	-2.6706716860759274245
-9.21124124124124	0.010605667678236837	0.53093515305002147997	-2.6703848451828854234
-9.041741741741745	0.010610476469369601	0.5290123525999339549	-2.6701146018821745752
-8.872242242242237	0.010614991808764662	0.5270887071121123091	-2.6698609613919764747
-8.702742742742743	0.010619213232225932	0.52516426981917130323	-2.6696239286389676143
-8.533243243243248	0.01062314030501559	0.5232390940351948627	-2.6694035082586887342
-8.36374374374374	0.010626772621931716	0.52131323315038990973	-2.6691997045957503245
-8.194244244244246	0.01063010980738079	0.5193867406257267616	-2.6690125217040297596
-8.024744744744737	0.010633151515444781	0.51745966998756498523	-2.668841963346950416
-7.855245245245243	0.0106358974299432	0.5155320748222702587	-2.6686880329975550216
-7.6857457457457485	0.010638347264489586	0.51360400877081735516	-2.6685507338389960084
-7.51624624624624	0.01064050076254304	0.51167552552338724237	-2.6684300687643987063
-7.346746746746746	0.010642357697454075	0.50974667881395119284	-2.6683260403770774224
-7.1772472472472515	0.010643917872505494	0.5078175224148502309	-2.668238650990890726
-7.007747747747743	0.010645181120947781	0.50588811013136558703	-2.6681679026301187284
-6.838248248248249	0.010646147306029025	0.50395849579628526627	-2.6681137970297329047
-6.6687487487487545	0.010646816321019792	0.5020287332644632894	-2.6680763356353910682
-6.499249249249246	0.010647188089232394	0.50009887640737638037	-2.6680555196036142315
-6.329749749749752	0.010647262564034936	0.49816897910767837798	-2.6680513498018287417
-6.160250250250243	0.01064703972885993	0.49623909525375020646	-2.6680638268083083065
-5.990750750750749	0.010646519597207587	0.4943092787342509009	-2.668092950912372894
-5.821251251251255	0.010645702212643729	0.49237958343266785555	-2.6681387221143858467
-5.651751751751746	0.0106445876487923	0.49045006322186729397	-2.6682011401256034273
-5.482252252252252	0.01064317600932266	0.4885207719586479591	-2.668280204368322486
-5.312752752752758	0.010641467427931265	0.48659176347829591336	-2.6683759139758538783
-5.143253253253249	0.010639462068318227	0.4846630915891445568	-2.6684882677923962573
-4.973753753753755	0.010637160124158431	0.48273481006713897523	-2.6686172643730159567
-4.804254254254246	0.010634561819067313	0.4808069726504051733	-2.668762901983611452
-4.634754754754752	0.010631667406561277	0.47887963303382752311	-2.6689251786007968993
-4.465255255255258	0.010628477170012852	0.47695284486363254128	-2.669104091911788573
-4.295755755755749	0.010624991422600493	0.4750266617319813811	-2.6692996393142607355
-4.126256256256255	0.010621210507253145	0.47310113717157337154	-2.6695118179163314421
-3.9567567567567608	0.010617134796589388	0.47117632465025804933	-2.6697406245363681375
-3.7872572572572523	0.010612764692851488	0.46925227756566018078	-2.6699860557026918204
-3.617757757757758	0.010608100627834073	0.46732904923981644085	-2.6702481076535239863
-3.4482582582582637	0.010603143062807602	0.46540669291382574801	-2.6705267763368586988
-3.278758758758755	0.010597892488436733	0.46348526174251386545	-2.6708220574101085817
-3.109259259259261	0.010592349424693243	0.46156480878911398946	-2.671133946239907235
-2.9397597597597525	0.01058651442076407	0.4596453870199615488	-2.6714624379019822203
-2.770260260260258	0.010580388054954034	0.45772704929920937644	-2.6718075271807891877
-2.600760760760764	0.01057397093458349	0.4558098483835574255	-2.6721692085692585201
-2.4312612612612554	0.01056726369588086	0.45389383691700402323	-2.6725474762685284815
-2.261761761761761	0.010560267003870177	0.4519790674256163876	-2.6729423241876558138
-2.092262262262267	0.010552981552253437	0.45006559231232140528	-2.6733537459433304273
-1.9227627627627584	0.010545408063288152	0.44815346385171872523	-2.67378173485943786
-1.753263263263264	0.010537547287659751	0.44624273418491683385	-2.6742262839667892236
-1.5837637637637556	0.010529400004349128	0.4443334553143913901	-2.6746873860027874747
-1.4142642642642613	0.010520967020495238	0.4424256790988699839	-2.6751650334109564416
-1.244764764764767	0.010512249171252888	0.4405194572482400428	-2.6756592183406798196
-1.0752652652652586	0.010503247319645598	0.43861484131848488266	-2.6761699326466506866
-0.9057657657657643	0.010493962356413748	0.4367118827066457376	-2.6766971678885014808
-0.73626626626627	0.010484395199857926	0.43481063264581187866	-2.677240915330497427
-0.5667667667667615	0.010474546795677544	0.4329111422001400422	-2.6778011659408527774
-0.39726726726726724	0.010464418116804776	0.4310134622599031129	-2.678377910391389321
-0.22776776776777297	0.010454010163233947	0.42911764353656922655	-2.6789711390571437453
-0.05826826826826448	0.0104433239618462	0.4272237365579126811	-2.679580842015657656
0.1112312312312298	0.010432360566229676	0.42533179166315676634	-2.6802070090465965064
0.2807307307307383	0.010421121056495236	0.42344185899814923424	-2.6808496296312691364
0.45023023023023256	0.010409606539087655	0.42155398851057274134	-2.6815086929518984029
0.6197297297297268	0.010397818146592443	0.41966822994518793166	-2.682184187891255934
0.7892292292292353	0.010385757037538329	0.41778463283911404513	-2.6828761030320395571
0.9587287287287296	0.010373424396195414	0.4159032465171449977	-2.6835844266561667425
1.1282282282282239	0.010360821432369072	0.41402412008710109959	-2.6843091467443013028
1.2977277277277324	0.010347949381189585	0.41214730243522046393	-2.6850502509751924486
1.4672272272272266	0.010334809502897828	0.4102728422215882187	-2.685807726725024776
1.636726726726721	0.010321403082626614	0.40840078787560424312	-2.6865815610668003985
1.8062262262262294	0.010307731430178125	0.406531187591491594	-2.687371740769640348
1.9757257257257237	0.010293795879797424	0.4046640893238462322	-2.6881782522981015645
2.145225225225232	0.010279597789941818	0.40279954078322610656	-2.6890010818115431402
2.3147247247247265	0.010265138543046642	0.40093758943178531284	-2.6898402151633399786
2.4842242242242207	0.010250419545286958	0.39907828247894799878	-2.6906956379001833338
2.653723723723729	0.010235442226335783	0.39722166687712795463	-2.6915673352613682023
2.8232232232232235	0.01022020803911826	0.39536778931749205768	-2.6924552921780256693
2.9927227227227178	0.010204718459562638	0.39351669622576751495	-2.6933594932723175003
3.1622222222222263	0.010188974986347382	0.39166843375809523575	-2.694279922856679471
3.3317217217217205	0.010172979140644769	0.38982304779693038865	-2.695216564933068362
3.501221221221229	0.010156732465861351	0.38798058394698753393	-2.6961694031920565339
3.6707207207207233	0.010140236527374601	0.38614108753123527196	-2.697138421012018236
3.8402202202202176	0.01012349291226671	0.38430460358693718792	-2.698123601458366408
4.009719719719726	0.010106503229054752	0.38247117686174253448	-2.6991249272826151326
4.17921921921922	0.010089269107417913	0.38064085180982609735	-2.7001423809215276302
4.348718718718715	0.010071792197921522	0.37881367258807663312	-2.7011759444962314572
4.518218218218223	0.010054074171738113	0.37698968305233659937	-2.702225599811319639
4.687717717717717	0.010036116720365388	0.37516892675369323262	-2.7032913283539124194
4.857217217217212	0.010017921555341362	0.37335144693481908673	-2.7043731112927075668
5.02671671671672	0.00999949040795672	0.37153728652636608398	-2.7054709294770945974
5.196216216216214	0.00998082502896434	0.3697264881434121908	-2.706584763436163037
5.365715715715723	0.009961927188286115	0.36791909408195916376	-2.7077145933776953
5.535215215215217	0.009942798674717207	0.36611514631548580656	-2.7088603991871917558
5.7047147147147115	0.009923441295627791	0.36431468649155335227	-2.71002216042689442
5.87421421421422	0.009903856876662164	0.36251775592846602336	-2.7111998563347079702
6.043713713713714	0.009884047261435639	0.36072439561198671454	-2.7123934658231905175
6.2132132132132085	0.00986401431122901	0.3589346461921063547	-2.7136029674785698909
6.382712712712717	0.009843759904680753	0.35714854797987055646	-2.7148283395595792288
6.552212212212211	0.00982328593747713	0.35536614094426138832	-2.7160695599963692506
6.72171171171172	0.009802594322040083	0.35358746470913493543	-2.7173266063894913507
6.891211211211214	0.009781686987213191	0.35181255855021714707	-2.718599456008794001
7.060710710710708	0.009760565877945595	0.35004146139215558398	-2.7198880857922362753
7.230210210210217	0.009739232954974064	0.34827421180562845304	-2.7211924723447630326
7.399709709709711	0.009717690194503357	0.34651084800451326107	-2.7225125919371589182
7.569209209209205	0.009695939587884646	0.34475140784311053554	-2.7238484205049014561
7.738708708708714	0.009673983141292496	0.3429959288134289408	-2.7251999336470334142
7.908208208208208	0.009651822875400095	0.34124444804252784813	-2.7265671066247904792
8.077707707707702	0.009629460825053176	0.33949700228991785966	-2.7279499143605725506
8.247207207207211	0.009606899038942338	0.3377536279450225054	-2.7293483314366776848
8.416706706706705	0.00958413957927406	0.33601436102469867118	-2.7307623320940231273
8.586206206206214	0.00956118452144056	0.3342792371708159238	-2.732191890230901972
8.755705705705708	0.009538035953688294	0.33254829164789717622	-2.7336369794017240042
8.925205205205202	0.00951469597678549	0.33082155934081847182	-2.73509757281579384
9.09470470470471	0.00949116670368848	0.32909907475256955367	-2.7365736433359412623
9.264204204204205	0.009467450259207246	0.3273808720020756624	-2.7380651634772473566
9.4337037037037	0.009443548779669943	0.32566698482207834253	-2.7395721054057405749
9.603203203203208	0.00941946441258667	0.32395744655707875426	-2.7410944409370396188
9.772702702702702	0.009395199316312537	0.32225229016134160354	-2.7426321415349904217
9.942202202202196	0.009370755659709955	0.32055154819695930168	-2.7441851783103855629
10.111701701701705	0.009346135621810553	0.31885525283197857505	-2.7457535220194725406
10.281201201201199	0.009321341391476348	0.31716343583858791488	-2.747337143062646194
10.450700700700708	0.009296375167060708	0.31547612859136608954	-2.748936011483085028
10.620200200200202	0.009271239156068789	0.31379336206559321765	-2.7505500969652117308
10.789699699699696	0.00924593557481785	0.31211516683562190444	-2.7521793688333652153
10.959199199199205	0.009220466648097236	0.31044157307331110562	-2.7538237960503609252
11.128698698698699	0.009194834608828317	0.30877261054652199723	-2.755483347215944501
11.298198198198193	0.009169041697724346	0.30710830861767340894	-2.7571579905654313087
11.467697697697702	0.00914309016295038	0.30544869624236142824	-2.75884769396823772
11.637197197197196	0.009116982259783265	0.30379380196803951186	-2.7605524249262522061
11.806696696696704	0.009090720250271753	0.30214365393275927074	-2.7622721505724327736
11.976196196196199	0.009064306402897035	0.30049827986397481538	-2.7640068376693272651
12.145695695695693	0.009037742992233332	0.29885770707740710872	-2.765756452607432555
12.315195195195201	0.009011032298609183	0.2972219624759697698	-2.7675209614037199993
12.484694694694696	0.008984176607768917	0.29559107254875810478	-2.7693003297001125215
12.65419419419419	0.008957178210534895	0.29396506337009659093	-2.7710945227618207548
12.823693693693698	0.00893003940247017	0.2923439605986496992	-2.7729035054758469439
12.993193193193193	0.008902762483542026	0.2907277894765933901	-2.7747272423493419436
13.162692692692687	0.008875349757786087	0.2891165748288465065	-2.7765656975080916335
13.332192192192196	0.008847803532971384	0.28751034106236433852	-2.7784188346947189766
13.50169169169169	0.0088201261202662	0.28590911216549175222	-2.7802866172672531628
13.671191191191198	0.008792319833905016	0.28431291170737765794	-2.7821690081974424788
13.840690690690693	0.00876438699085635	0.28272176283744909764	-2.784065970068956841
14.010190190190187	0.008736329910491811	0.28113568828494556184	-2.7859774650759358096
14.179689689689695	0.008708150914256212	0.27955471035851331418	-2.7879034550211770113
14.34918918918919	0.00867985232533901	0.27797885094585994548	-2.7898439013145082406
14.518688688688684	0.00865143646834699	0.2764081315134669925	-2.791798764971073322
14.688188188188192	0.008622905668978335	0.2748425731063628974	-2.793768006609645717
14.857687687687687	0.008594262253698115	0.27328219634795514192	-2.7957515864508794047
15.027187187187181	0.008565508549415275	0.27172702143991955825	-2.7977494643155611472
15.19668668668669	0.008536646883161232	0.2701770681621493142	-2.7997615996229931095
15.366186186186184	0.008507679581769952	0.26863235587276262928	-2.8017879513891001393
15.535685685685692	0.008478608971559859	0.26709290350816572435	-2.8038284782247258043
15.705185185185186	0.008449437378017425	0.26555872958317661148	-2.805883138333868569
15.87468468468468	0.008420167125482549	0.2640298521912030072	-2.807951889511920395
16.04418418418419	0.008390800536835845	0.2625062890044794206	-2.810034689143858126
16.213683683683684	0.008361339933187774	0.26098805727435969715	-2.812131494202388091
16.383183183183178	0.008331787633569858	0.2594751738316654066	-2.8142422612462417398
16.552682682682686	0.008302145954627856	0.25796765508709074144	-2.8163669464183002634
16.72218218218218	0.008272417210317093	0.25646551703166303726	-2.818505505443752584
16.89168168168169	0.00824260371159982	0.25496877523725686165	-2.8206578936282944788
17.061181181181183	0.008212707766144982	0.2534774448571648353	-2.8228240658562341622
17.230680680680678	0.008182731678030023	0.2519915406267205782	-2.8250039765887382146
17.400180180180186	0.008152677747445191	0.2505110768639772778	-2.8271975798618767055
17.56967967967968	0.008122548270400055	0.24903606747043871561	-2.8294048292847060377
17.739179179179175	0.008092345538432502	0.24756652593184291788	-2.8316256780375234432
17.908678678678683	0.008062071838320303	0.24610246531899920841	-2.8338600788699537638
18.078178178178177	0.008031729451794931	0.2446438982886774971	-2.8361079840989587494
18.24767767767767	0.00800132065525824	0.24319083708454750092	-2.838369345606975338
18.41717717717718	0.007970847719501533	0.24174329353817086696	-2.8406441148400917028
18.586676676676674	0.007940312909427453	0.24030127907004378285	-2.842932242806004726
18.756176176176183	0.007909718483774354	0.23886480469068818722	-2.845233680072172432
18.925675675675677	0.007879066694843728	0.23743388100179504963	-2.847548376763866929
19.09517517517517	0.00784835978823013	0.23600851819741458515	-2.8498762825622208851
19.26467467467468	0.007817600002554109	0.23458872606519654003	-2.8522173467023162713
19.434174174174174	0.007786789569197954	0.233174513987678661	-2.8545715179711842369
19.60367367367367	0.007755930712044425	0.23176589094362151644	-2.8569387447058852201
19.773173173173177	0.007725025647218238	0.230362865509391751	-2.8593189747915355044
19.94267267267267	0.007694076582830877	0.22896544586039163649	-2.8617121556593622712
20.11217217217218	0.0076630857187281005	0.2275736397725338922	-2.8641182342847147535
20.281671671671674	0.007632055246240736	0.22618745462376305122	-2.8665371571850391987
20.45117117117117	0.0076009873479385166	0.22480689739562062512	-2.8689688704179974986
20.620670670670677	0.007569884197386976	0.22343197467485542695	-2.871413319579401618
20.79017017017017	0.007538747958907742	0.2220626926550776925	-2.8738704498012513898
20.959669669669665	0.007507580787341677	0.2206990571384555011	-2.8763402057497235913
21.129169169169174	0.007476384827815618	0.21934107353745449509	-2.8788225316232177221
21.298668668668668	0.007445162215512194	0.21798874687662020411	-2.8813173711502887496
21.468168168168162	0.007413915075442933	0.21664208179439992108	-2.8838246675876924245
21.63766766766767	0.007382645522224775	0.2153010825450073773	-2.8863443637183776149
21.807167167167165	0.007351355659859874	0.2139657530003267194	-2.8888764018494321052
21.976666666666674	0.007320047581518821	0.21263609665185573272	-2.8914207238101510898
22.146166166166168	0.007288723369327235	0.21131211661268917146	-2.8939772709499061996
22.315665665665662	0.007257385094155814	0.20999381561953900377	-2.8965459841362448785
22.48516516516517	0.007226034815413816	0.20868119603479365343	-2.899126803752822184
22.654664664664665	0.007194674580846022	0.20737425984861404538	-2.901719669697383738
22.82416416416416	0.0071633064263332295	0.2060730086810655115	-2.9043245213797327334
22.993663663663668	0.0071319323756961345	0.2047774437842860007	-2.906941297719758103
23.163163163163162	0.007100554440502941	0.20348756604469028786	-2.9095699371453869475
23.332662662662656	0.007069174619880355	0.2022033759852069068	-2.912210377590534576
23.502162162162165	0.0070377949003282295	0.20092487376755061024	-2.9148625564931902063
23.67166166166166	0.007006417255537813	0.1996520591945279699	-2.917526410793248349
23.841161161161168	0.006975043646213508	0.19838493171237406298	-2.920201876930621674
24.010660660660662	0.006943676019898291	0.1971234904131236032	-2.9228888908432123666
24.180160160160156	0.006912316310802847	0.19586773403701102092	-2.925587387964814118
24.349659659659665	0.006880966439638163	0.1946176609749025177	-2.9282973032231731593
24.51915915915916	0.006849628313451929	0.19337326927075820793	-2.9310185710380081327
24.688658658658653	0.006818303825468507	0.19213455662412270986	-2.9337511253189673623
24.85815815815816	0.00678699485493265	0.19090152039264501882	-2.936494899463607023
25.027657657657656	0.006755703266956733	0.18967415759462666336	-2.939249826355406207
25.197157157157164	0.006724430912371881	0.18845246491159597935	-2.942015838361842321
25.36665665665666	0.006693179627582655	0.18723643869091091685	-2.9447928673323540243
25.536156156156153	0.006661951234425414	0.18602607494838593882	-2.947580844596341147
25.70565565565566	0.006630747540030465	0.18482136937094542639	-2.9503797009612325187
25.875155155155156	0.006599570336687801	0.18362231731930181433	-2.9531893667104791234
26.04465465465465	0.006568421401716679	0.18242891383065662492	-2.9560097716016330335
26.21415415415416	0.006537302497338759	0.18124115362142598218	-2.9588408448643972759
26.383653653653653	0.006506215370554991	0.18005903108998858042	-2.961682515198580455
26.553153153153147	0.006475161753026329	0.17888254031945458045	-2.9645347107722954316
26.722652652652656	0.006444143360957853	0.17771167508045732086	-2.9673973592199450824
26.89215215215215	0.006413161894986941	0.1765464288339647636	-2.970270387640297313
27.06165165165166	0.0063822190400748356	0.17538679473411086795	-2.9731537225946598898
27.231151151151153	0.006351316465402079	0.1742327656310470041	-2.9760472901048254002
27.400650650650647	0.006320455824267531	0.17308433407381082492	-2.9789510156513037274
27.570150150150155	0.0062896387539911214	0.17194149231321415039	-2.9818648241713955616
27.73964964964965	0.006258866875820271	0.17080423230474794938	-2.9847886400573279241
27.909149149149144	0.0062281417948398575	0.16967254571150336417	-2.9877223871543601029
28.078648648648652	0.006197465099886039	0.16854642390710908306	-2.9906659887589892026
28.248148148148147	0.006166838363463488	0.16742585797868475561	-2.9936193676171194715
28.41764764764764	0.006136263141666472	0.16631083872980753635	-2.9965824459221206335
28.58714714714715	0.006105740974103323	0.16520135668349361646	-2.9995551453131740352
28.756646646646644	0.0060752733838247315	0.16409740208519357774	-3.00253738687343431
28.926146146146152	0.006044861877255465	0.16299896490579890429	-3.0055290911281568136
29.095645645645646	0.00601450794412978	0.16190603484466206674	-3.0085301780430319708
29.26514514514514	0.005984213057430293	0.16081860133262698698	-3.0115405670224457014
29.43464464464465	0.005953978673330496	0.15973665353507071618	-3.0145601769076462851
29.604144144144144	0.005923806231140692	0.15866018035495535465	-3.0175889259751164
29.773643643643638	0.005893697153257588	0.15758917043588885343	-3.0206267319348548677
29.943143143143146	0.005863652845117198	0.15652361216519508624	-3.0236735119286833168
30.11264264264264	0.005833674695151389	0.155463493676992498	-3.0267291825285767722
30.28214214214215	0.005803764074747807	0.15440880285527908145	-3.0297936597350257119
30.451641641641643	0.005773922338213193	0.15335952733702590267	-3.0328668589754623115
30.621141141141138	0.00574415082274022	0.152315654515275678	-3.0359486951025795286
30.790640640640646	0.005714450848377638	0.15127717154224751273	-3.0390390823927557636
30.96014014014014	0.005684823718003823	0.15024406533244724637	-3.0421379345445915703
31.129639639639635	0.005655270717303652	0.14921632256578137854	-3.0452451646772175269
31.299139139139143	0.005625793114748754	0.14819392969067518573	-3.0483606853289133287
31.468638638638637	0.0055963921615809755	0.1471768729271951126	-3.051484408455542882
31.63813813813813	0.005567069091799187	0.14616513827017188487	-3.0546162454290761397
31.80763763763764	0.005537825122149312	0.14515871149232759119	-3.057756107036215115
31.977137137137134	0.005508661452117643	0.14415757814740345899	-3.06090390347686535
32.14663663663664	0.005479579263927168	0.14316172357328821318	-3.064059544362850294
32.31613613613614	0.005450579722537328	0.1421711328951478226	-3.067222938716470294
32.48563563563563	0.0054216639756466895	0.1411857910285538864	-3.0703939949691676373
32.65513513513514	0.005392833153698867	0.14020568268261188183	-3.07357262096026445
32.824634634634634	0.0053640883698914685	0.13923079236308846807	-3.0767587239356040917
32.99413413413413	0.005335430720188096	0.13826110437553554289	-3.0799522105463474268
33.16363363363364	0.005306861283333413	0.13729660282841329999	-3.0831529868477154975
33.33313313313313	0.005278381120871175	0.13633727163620951162	-3.0863609582978190756
33.50263263263264	0.005249991277165175	0.13538309452255536947	-3.0895760297564334744
33.672132132132134	0.005221692779423255	0.1344340550233372733	-3.0927981054839307382
33.84163163163163	0.005193486637724056	0.13349013648980434521	-3.0960270891401709802
34.01113113113114	0.005165373845046777	0.13255132209166997637	-3.099262883783340663
34.18063063063063	0.00513735537730367	0.13161759482020912726	-3.102505391869039131
34.350130130130125	0.005109432193375385	0.1306889374913478008	-3.1057545152492035195
34.519629629629634	0.005081605235149089	0.12976533274874724189	-3.1090101551711391795
34.68912912912913	0.0050538754275592825	0.12884676306688033764	-3.1122722122765974471
34.85862862862862	0.005026243678631362	0.1279332107541003849	-3.1155405866009140046
35.02812812812813	0.004998710879527819	0.127024657955701753	-3.1188151775720600247
35.197627627627625	0.00497127790459709	0.12612108665697235876	-3.1220958840099089925
35.367127127127134	0.004943945611424977	0.12522247868623617717	-3.1253826041254288439
35.53662662662663	0.004916714840888685	0.124328815717887286585	-3.1286752355198473752
35.70612612612612	0.00488958641721331	0.12344007927541265912	-3.1319736751840983834
35.87562562562563	0.0048625611480308615	0.12255625073440570838	-3.135277819498052509
36.045125125125125	0.004835639824441775	0.12167731132556816598	-3.138587564229859672
36.21462462462462	0.0048088232210787615	0.12080324213770061992	-3.1419028045354918041
36.38412412412413	0.004782112096173078	0.119934024120681548276	-3.1452234349580870507
36.55362362362362	0.004755507191623179	0.119069638088434195944	-3.1485493494274601671
36.723123123123116	0.004729009233065586	0.11821006472188014258	-3.1518804412597361817
36.892622622622625	0.00470261892994813	0.11735528457188067197	-3.1552166031568308954
37.06212212212212	0.004676336975605356	0.116505278062164180364	-3.1585577272061036171
37.23162162162163	0.004650164047336128	0.11566002549223958207	-3.1619037048801425102
37.40112112112112	0.004624100806483434	0.11481950704029615651	-3.1652544270363232976
37.570620620620616	0.004598147898516262	0.11398370276608767171	-3.1686097839167179444
37.74012012012011	0.004572305953113588	0.11315259261380256062	-3.1719696651478480796
37.90961961961963	0.004546575584250368	0.11232615641491774938	-3.1753339597404831843
38.07911911911913	0.004520957390285651	0.11150437389103777519	-3.1787025560897608947
38.24861861861862	0.004495451954052434	0.11068722465671650135	-3.1820753419749873286
38.418118118118116	0.004470059842949701	0.10987468822226335863	-3.1854522045596375362
38.58761761761761	0.004444781609036182	0.10906674399653223939	-3.1888330303915583687
38.757117117117104	0.004419617789126021	0.10826337128969361345	-3.1922177054029694965
38.92661661661663	0.004394568904886246	0.10746454931598840854	-3.1956061149106497104
39.09611611611612	0.004369635462936037	0.10667025719646543169	-3.1989981436162711235
39.265615615615616	0.004344817954947691	0.10588047396169875114	-3.2023936756064822354
39.43511511511511	0.004320116857749325	0.105095178554488188905	-3.2057925943534132526
39.604614614614604	0.004295532633429199	0.10431434983254046778	-3.2091947827150049098
39.77411411411413	0.004271065729441675	0.103537966571131109794	-3.2126001229354088275
39.94361361361362	0.004246716578714801	0.102766007465747766236	-3.216008496645539411
40.113113113113116	0.004222485599759332	0.10199845113471248115	-3.2194197848636113204
40.28261261261261	0.004198373196779413	0.101235276121785622294	-3.222833867995752099
40.452112112112104	0.004174379759784547	0.10047646089874856523	-3.2262506258366363803
40.6216116116116	0.004150505664703161	0.09972198386796644887	-3.2296699375702815796
40.79111111111112	0.0041267512734974275	0.09897182336492987842	-3.233091681770800829
40.960610610610615	0.004103116934279559	0.09822595766077650559	-3.2365157364032567378
41.13011011011011	0.004079602981429304	0.09748436496478984914	-3.239941978824526313
41.299609609609604	0.004056209735712834	0.09674702342687833967	-3.243370285784348765
41.4691091091091	0.004032937504402745	0.09601391114003175742	-3.2468005334263052813
41.63860860860862	0.0040097865813993674	0.09528500614275604852	-3.2502325972888833387
41.808108108108115	0.003986757247353249	0.09456028642148639474	-3.2536663523067129388
41.97760760760761	0.0039638497697886315	0.09383972991297710731	-3.257101672811715893
42.147107107107104	0.003941064403228161	0.09312331450666991306	-3.260538432534377096
42.3166066066066	0.003918401389318622	0.09241101804703912015	-3.2639765046051702803
42.48610610610609	0.003895860956957631	0.091702818335914093595	-3.2674157615559111007
42.655605605605615	0.0038734433224213802	0.09099869313477833288	-3.2708560753211562123
42.82510510510511	0.0038511486894933066	0.09029862016704599814	-3.274297317239901453
42.9946046046046	0.0038289772495936365	0.08960257712031401145	-3.2777393580570848034
43.1641041041041	0.0038069291819098796	0.0889105416485915373	-3.2811820679252620934
43.33360360360359	0.003785004653528109	0.08822249137450527412	-3.284625316406347879
43.503103103103115	0.0037632038195650327	0.087538403891480806585	-3.2880689724734439257
43.67260260260261	0.003741526823300921	0.08685825676590068489	-3.291512904512733044
43.8421021021021	0.003719973796313166	0.086182027539236968905	-3.2949569803252986456
44.0116016016016	0.003698544858610605	0.085509693730160762914	-3.298401067129281264
44.18110110110109	0.0036772401187685167	0.08484123283662686754	-3.3018450315618684385
44.350600600600615	0.003656059674064215	0.08417662233793365978	-3.305288739681433348
44.52010010010011	0.0036350036106132903	0.08351583969675917263	-3.3087320569698132906
44.6895995995996	0.003614072003506365	0.08285886236117107062	-3.3121748483345101288
44.8590990990991	0.003593264916946449	0.082205667766613116365	-3.3156169781111181538
45.02859859859859	0.003572582404386744	0.08155623333786597706	-3.3190583100656886975
45.198098098098086	0.0035520245086689654	0.08091053649098320366	-3.322498707397248726
45.36759759759761	0.0035315912621620613	0.08026855463520195244	-3.3259380327403357575
45.5370970970971	0.003511282686901407	0.079630265174829087393	-3.329376148167684057
45.7065965965966	0.003491098794728274	0.07899564551110092869	-3.3328129151928892703
45.87609609609609	0.003471039587429768	0.07836467304401883993	-3.3362481947731611007
46.045595595595586	0.0034511050568790066	0.07773732517415865573	-3.3396818473121859302
46.21509509509511	0.003431295185175603	0.07711357930445499054	-3.3431137326630693306
46.3845945945946	0.003411609944786433	0.07649341284196035928	-3.3465437101313201085
46.5540940940941	0.003392049298686609	0.07587680319957783304	-3.3499716384778284366
46.72359359359359	0.003372613200500637	0.07526372779776903388	-3.3533973759220704466
46.893093093093086	0.0033533015946438185	0.074654164066236192165	-3.3568207801452822185
47.06259259259258	0.003334114416463721	0.07404808944557847439	-3.3602417082937344013
47.2320920920921	0.003315051592381827	0.073445481388922748134	-3.3636600169820666155
47.4015915915916	0.0032961130400352215	0.07284631736352900622	-3.3670755622966789418
47.57109109109109	0.003277298668418414	0.072250574852369117695	-3.3704881997992380087
47.740590590590585	0.003258608378025118	0.07165823135568104296	-3.3738977845302233942
47.91009009009008	0.003240042060990118	0.071069264392496570015	-3.3773041710125248035
48.0795895895896	0.0032215996012310926	0.070483651502143598866	-3.3807072132551587833
48.2490890890891	0.003203280874590419	0.06990137024572304347	-3.3841067647570366034
48.41858858858859	0.00318508574897686	0.069322398207559143835	-3.3875026785107291527
48.588088088088085	0.0031670140845072806	0.068746712996624992353	-3.3908948070064623243
48.75758758758758	0.0031490657336481335	0.06817429224794208098	-3.3942830022360115656
48.927087087087074	0.0031312405413569163	0.067605113623954021795	-3.397667115696740964
49.0965865865866	0.0031135383452234053	0.06703915481587482961	-3.4010469983957572376
49.26608608608609	0.003095958975610767	0.06647639354501194697	-3.404422500854061223
49.435585585585585	0.003078502255796433	0.065916807564062776525	-3.4077934731107160063
49.60508508508508	0.003061168002112798	0.06536037465838662186	-3.4111597647272554276
49.774584584584574	0.003043956024087638	0.064807072647250801856	-3.414521224792013358
49.944084084084096	0.003026866124584321	0.06425687938505116048	-3.4178777019245172816
50.11358358358359	0.0030098980999416864	0.06370977276250777699	-3.4212290442800731927
50.283083083083085	0.0029930517401136943	0.06316573070783436383	-3.4245750995542596155
50.45258258258258	0.0029763268288086806	0.06262473118788335069	-3.4279157149876083373
50.62208208208207	0.002959723143628356	0.062086752209265252955	-3.4312507373702554108
50.79158158158157	0.0029432404562064127	0.06155177181944296999	-3.4345800130467106033
50.96108108108109	0.002926878532346771	0.061019768107800922974	-3.4379033879206981777
51.130580580580585	0.0029106371321614435	0.060490719206689670673	-3.4412207074600257035
51.30008008008008	0.0028945160102079965	0.059964603292444525195	-3.444531816701460304
51.46957957957957	0.002878514915626612	0.059441398586380339575	-3.4478365602558248737
51.63907907907907	0.0028626335922766963	0.05892108335576098227	-3.4511347823129666134
51.80857857857859	0.002846871778873044	0.058403635914744032875	-3.454426326646917031
51.978078078078084	0.0028312292091215684	0.057889034625301441506	-3.457711036621080044
52.14757757757758	0.0028157056118545275	0.057377257898114548962	-3.4609887551933498308
52.31707707707707	0.0028003007111652785	0.0568682841934456465	-3.4642593249215154563
52.48657657657657	0.0027850142265425162	0.056362092021984722123	-3.467522587968526733
52.65607607607609	0.002769845873004036	0.055858659945671837455	-3.4707783861078641957
52.825575575575584	0.0027547953612299353	0.055357966578495822196	-3.4740265607290101164
52.99507507507508	0.0027398623976952834	0.0548599905872679261	-3.47726695284289353
53.16457457457457	0.0027250466848022744	0.054364710692372454626	-3.4804994030874844184
53.33407407407407	0.0027103479210117912	0.053872105668492972774	-3.4837237517332727743
53.50357357357356	0.0026957658009744275	0.053382154345314770938	-3.4869398386889647304
53.673073073073084	0.002681300015660905	0.05289483560820368996	-3.4901475035071474477
53.84257257257258	0.0026669502524919626	0.05241012839886165231	-3.4933465853899756462
54.01207207207207	0.0026527161954675743	0.05192801171595789328	-3.496536923194924283
54.18157157157157	0.0026385975252956385	0.051448464615737730943	-3.4997183554406121665
54.35107107107106	0.002624593919520016	0.05097146621260754268	-3.5028907203125902558
54.520570570570584	0.0026107050526479633	0.050496995679696662918	-3.5060538556692311858
54.69007007007008	0.002596930596276991	0.050025032249396618467	-3.5092075990476627259
54.85956956956957	0.0025832702192209946	0.049555555213876632814	-3.5123517876696335055
55.02906906906907	0.0025697235876358734	0.049088543925577092508	-3.5154862584475550541
55.19856856856856	0.002556290365144402	0.04862397779767997641	-3.5186108479904650839
55.368068068068055	0.0025429702129605596	0.048161836304556684962	-3.5217253926100885808
55.53756756756758	0.0025297627900131457	0.047702098982193456844	-3.5248297283268289132
55.70706706706707	0.0025166677530687916	0.047244745428594608905	-3.5279236908759241146
55.87656656656657	0.0025036847568542663	0.046789755304163030414	-3.5310071157135177725
56.04606606606606	0.0024908134541782043	0.046337108332059104288	-3.5340798380227932528
56.215565565565555	0.0024780534960521248	0.045886784298537416915	-3.5371416927201281045
56.38506506506508	0.002465404531810811	0.045438763053261450875	-3.5401925144612172384
56.55456456456457	0.0024528662092320333	0.044993024509596989124	-3.5432321376473462347
56.724064064064066	0.0024404381746556208	0.044549548644883106563	-3.5462603964314884373
56.89356356356356	0.002428120073101863	0.044108315500682344912	-3.5492771247245448222
57.063063063063055	0.002415911548389267	0.043669305183009141103	-3.5522821562016024647
57.23256256256255	0.002403812243251662	0.043232497862537098976	-3.5552753243081353673
57.40206206206207	0.002391821799454625	0.042797873774784923884	-3.5582564622661944965
57.571561561561566	0.0023799398579113155	0.042365413220281734896	-3.561225403080711921
57.74106106106106	0.0023681660587975702	0.041935096564710699907	-3.5641819795456832019
57.910560560560555	0.002356500041666444	0.041506904239032603454	-3.5671260242504417744
58.08006006006005	0.0023449414455620527	0.041080816739588334185	-3.5700573695858584217
58.24955955955957	0.002333489909132788	0.04065681462818078462	-3.5729758477505796132
58.419059059059066	0.0023221450707439305	0.040234878532136683638	-3.5758812907572994691
58.58855855855856	0.002310906568589586	0.039814989144347341654	-3.5787735304388720433
58.758058058058054	0.0022997740408040312	0.039397127223289828135	-3.581652398454617094
58.92755755755755	0.0022887471255724425	0.03898127359302780426	-3.584517726296429141
59.09705705705704	0.0022778254612409988	0.038567409143192191157	-3.5873693452949635624
59.266556556556566	0.002267008686426402	0.038155514828942103944	-3.590207086625814252
59.43605605605606	0.0022562964401247735	0.037745571670906155615	-3.5930307813156250913
59.605555555555554	0.002245688361819999	0.037337560755103485488	-3.5958402602481775129
59.77505505505505	0.0022351840915914778	0.03693146323284583754	-3.5986353541704798212
59.94455455455454	0.0022247832702212726	0.036527260320619835132	-3.6014158936988511393
60.114054054054066	0.002214485539300755	0.03612493329994992397	-3.6041817093249113612
60.28355355355356	0.0022042905413366784	0.03572446351724230945	-3.6069326314215581456
60.453053053053054	0.00219419791985667	0.03532583238360904876	-3.6096684902489005711
60.62255255255255	0.0021842073195142576	0.034929021374673775713	-3.6123891159602395092
60.79205205205204	0.002174318386193343	0.034534012030358107737	-3.615094338607922272
60.96155155155154	0.0021645307671121767	0.034140785954649220668	-3.61778398814909132
61.13105105105106	0.002154844110926818	0.033749324815348452633	-3.6204578944515125706
61.300550550550554	0.002145258067834169	0.0333596103438017072	-3.6231158872994061616
61.47005005005005	0.002135772289674481	0.032971624334610469265	-3.6257577963989822461
61.63954954954954	0.002126386430033445	0.032585348645324904715	-3.6283834513841156414
61.80904904904904	0.002117100144343819	0.032200765196118211198	-3.6309926818219795364
61.97854854854856	0.0021079130899866465	0.031817855969442636332	-3.6335853172185006755
62.148048048048054	0.0020988249263920755	0.03143660300966739235	-3.6361611870238427478
62.31754754754755	0.0020898353151397524	0.031056988422697801022	-3.6387201206377814346
62.48704704704704	0.002080943920058859	0.030678994375576841558	-3.6412619474150389983
62.65654654654654	0.002072150407327791	0.030302603096068317368	-3.6437864966705570313
62.82604604604606	0.0020634544455734936	0.029927796872221981705	-3.6462935976846533666
62.99554554554555	0.0020548557059704617	0.029554558051920983008	-3.6487830797081750528
63.16504504504505	0.0020463538623394346	0.029182869042410790328	-3.6512547719674957477
63.33454454454454	0.0020379485912458057	0.028812712309810858263	-3.6537085036695207158
63.504044044044036	0.0020296395720977895	0.028444070378608202199	-3.656144104006540664
63.67354354354353	0.0020214264872442755	0.02807692583113321344	-3.6585614021610372447
63.84304304304305	0.0020133090220725235	0.02771126130701774895	-3.660960227310395365
64.01254254254255	0.0020052868651056076	0.027347059502635797518	-3.663340408631546965
64.18204204204204	0.0019973597080996915	0.026984303170525913984	-3.6657017753054821046
64.35154154154154	0.001989527246141133	0.026622975118796639304	-3.6680441565217048992
64.52104104104103	0.00198178917774344	0.02626305821051401132	-3.6703673814825953496
64.69054054054055	0.001974145204944141	0.025904535363071551357	-3.6726712794076549894
64.86004004004005	0.001966595033401505	0.025547389547542966037	-3.6749556795376804405
65.02953953953954	0.001959138372491243	0.02519160378801674205	-3.6772204111387790917
65.19903903903904	0.0019517749354031398	0.024837161160913796137	-3.6794653035063524312
65.36853853853853	0.0019445044392376498	0.024484044794287337238	-3.681690185968961817
65.53803803803802	0.0019373266051025374	0.024132237867105284235	-3.683894887892047276
65.70753753753755	0.0019302411582094996	0.023781723608515069335	-3.6860792386815278087
65.87703703703704	0.0019232478279709029	0.023432485297091226045	-3.6882430677874076686
66.04653653653654	0.0019163463480965427	0.023084506260064904803	-3.6903862047071125218
66.21603603603603	0.0019095364566905635	0.022737769872536325866	-3.6925084789888173431
66.38553553553552	0.001902817896348515	0.02239225955666946169	-3.6946097202346210838
66.55503503503505	0.0018961904142545517	0.022047958780869018197	-3.6966897581035986725
66.72453453453454	0.0018896537622788763	0.021704851058940159009	-3.698748422314779279
66.89403403403404	0.0018832076970753688	0.021362919949229890182	-3.7007855426499128568
67.06353353353353	0.0018768519801795286	0.021022149053751357922	-3.7028009489562029569
67.23303303303302	0.0018705863781066617	0.020682522017290032312	-3.7047944711488837413
67.40253253253252	0.001864410662450441	0.020344022526492182984	-3.7067659392136529965
67.57203203203204	0.001858324609981797	0.020006634308935317135	-3.7087151832089797665
67.74153153153154	0.0018523280027482227	0.01967034113218102051	-3.7106420332683573067
67.91103103103103	0.0018464206281734845	0.019335126802809153579	-3.7125463196022979518
68.08053053053052	0.0018406022791578275	0.019000975165434495773	-3.7144278725002841655
68.25003003003002	0.001834872754178662	0.018667870101704894109	-3.7162865223326115374
68.41952952952954	0.0018292318573917819	0.018335795529281176397	-3.718122099552002362
68.58902902902904	0.0018236793987331961	0.018004735400798825562	-3.7199344346951543287
68.75852852852853	0.001818215194021505	0.017674673702810696913	-3.7217233583841612126
68.92802802802802	0.0018128390650609977	0.017345594454711617954	-3.7234887013277757999
69.09752752752752	0.0018075508397454036	0.017017481707643989514	-3.7252302943225132266
69.26702702702701	0.0018023503521623846	0.016690319543384526946	-3.7269479682536515764
69.43652652652654	0.0017972374426987938	0.016364092073211985306	-3.7286415540960909725
69.60602602602603	0.0017922119581467626	0.016038783436755969097	-3.73031088291509132
69.77552552552552	0.0017872737518106361	0.01571437780082592453	-3.7319557858668098102
69.94502502502502	0.0017824226836148113	0.015390859358221162592	-3.7335760941987716699
70.11452452452451	0.001777658620212528	0.01506821232652103687	-3.7351716392501684127
70.28402402402403	0.0017729814350956447	0.014746420946855255327	-3.7367422524520063254
70.45352352352353	0.001768391008705463	0.0144254694826545168396	-3.738287765327169419
70.62302302302302	0.001763887228544621	0.0141053422183803952444	-3.7398080094902549572
70.79252252252252	0.0017594699892901412	0.013786023458235374672	-3.7413028166473720748
70.96202202202201	0.0017551391929076453	0.013467497524852052593	-3.7427720185957261312
71.13152152152153	0.0017508947487668203	0.013149748757961470663	-3.7442154472230892819
71.30102102102103	0.0017467365737581534	0.012832761513040726042	-3.7456329345071814262
71.47052052052052	0.001742664592411008	0.0125165201599387373305	-3.747024312514825707
71.64002002002002	0.0017386787370131066	0.01220100908148101862	-3.7483894134010329073
71.80951951951951	0.0017347789477314317	0.011886212672052396538	-3.749728069407930371
71.979019019019	0.0017309651727346635	0.0115721153361577344665	-3.7510401128635855756
72.14851851851853	0.001727237368317133	0.011258701486960289231	-3.7523253761806484427
72.31801801801802	0.001723595499024426	0.01094595554479767599	-3.7535836918548866673
72.48751751751752	0.0017200395377806545	0.010633861935674410876	-3.7548148924636195198
72.65701701701701	0.0017165694660174484	0.010322405089731782543	-3.756018810663970601
72.8265165165165	0.0017131852738047593	0.010011569439693843511	-3.7571952791910254814
72.99601601601603	0.0017098869599835181	0.009701339419289608038	-3.7583441308558694254
73.16551551551552	0.0017066745323002226	0.009391699461651222339	-3.7594651985434807547
73.33501501501502	0.0017035480075435073	0.0090826339976870836684	-3.7605583152105213154
73.50451451451451	0.0017005074116827666	0.008774127454430520612	-3.7616233138829939598
73.674014014014	0.0016975527800089177	0.008466164253362891412	-3.7626600276537863282
73.8435135135135	0.001694684157277347	0.008158728808711027472	-3.7636682896801105206
74.01301301301302	0.0016919015978531199	0.007851805525718512022	-3.7646479331808114894
74.18251251251252	0.0016892051658585398	0.0075453787988906742545	-3.7655987914335877966
74.35201201201201	0.0016865949353231143	0.0072394330102121158543	-3.766520697772073845
74.5215115115115	0.0016840709903360048	0.006933952527337328489	-3.7674134855828509065
74.691011011011	0.0016816334252010544	0.0066289217017532079193	-3.7682769883023392377
74.86051051051052	0.0016792823445944505	0.0063243248669132114473	-3.7691110394135863945
75.03001001001002	0.001677017863725134	0.0060201463363429592174	-3.7699154724429673905
75.19950950950951	0.0016748401084979807	0.00571637040171597572	-3.7706901209567904273
75.369009009009	0.0016727492156799204	0.0054129813309001300822	-3.7714348185578286362
75.5385085085085	0.00167074533306901	0.005109963365973417722	-3.7721493988817240849
75.708008008008	0.001668828619666594	0.0048073007212088699966	-3.7728336955933523388
75.87750750750752	0.0016669992458525947	0.0045049775810279361205	-3.7734875423830902795
76.04700700700701	0.0016652573935640998	0.0042029780979220346393	-3.774110772963015419
76.2165065065065	0.0016636032564772522	0.0039012863903409395958	-3.7747032210630217842
76.386006006006	0.001662037040192625	0.0035998865405483778182	-3.7752647204268772135
76.5555055055055	0.0016605589624240963	0.00329876259244345953	-3.775795104808220243
76.72500500500502	0.0016591692531914173	0.0029978985493475398226	-3.7762942079664952135
76.89450450450451	0.0016578681550164765	0.002697278371756093359	-3.7767618636628384528
77.064004004004	0.001656655923123464	0.002396885975054156414	-3.7771979056558985324
77.2335035035035	0.0016555328256429626	0.0020967052271956302875	-3.777602167697632585
77.403003003003	0.0016544991438201362	0.0017967199463449791668	-3.7779744835290534344
77.57250250250249	0.0016535551722270826	0.0014969138984808555773	-3.7783146868759345033
77.74200200200201	0.0016527012189795254	0.001197270794960795387	-3.7786226114444929577
77.9115015015015	0.0016519376059578705	0.00089777429004649089445	-3.778898090917047707
78.081001001001	0.0016512646690328694	0.00059840797838807619543	-3.7791409589476514278
78.2505005005005	0.0016506827582958936	0.0002991553924675927176	-3.7793510491577109508
78.42	0.0016501922382940611	0.0	-3.7794478855335788164
