#T	FPT
0.2009000	0.000109815
0.2009500	0.030109815
0.2009608	0.036676991
0.2009716	0.043025007
0.20098239	0.049161787
0.20099319	0.055094917
0.20100399	0.060831655
0.20101479	0.06637896
0.20102559	0.071743497
0.20103638	0.076931664
0.20104718	0.081949597
0.20105798	0.086803187
0.20106878	0.0914981
0.20107958	0.096039767
0.20109037	0.10043341
0.20110117	0.10468409
0.20111197	0.10879661
0.20112277	0.11277565
0.20113357	0.11662569
0.20114436	0.12035105
0.20115516	0.12395589
0.20116596	0.12744421
0.20117676	0.13081991
0.20118756	0.13408669
0.20119835	0.13724815
0.20120915	0.14030778
0.20121995	0.14326891
0.20123075	0.14613477
0.20124155	0.14890849
0.20125235	0.15159309
0.20126314	0.15419145
0.20127394	0.15670641
0.20128474	0.15914067
0.20129554	0.16149685
0.20130634	0.16377749
0.20131713	0.16598503
0.20132793	0.16812185
0.20133873	0.17019022
0.20134953	0.17219237
0.20136033	0.17413042
0.20137112	0.17600645
0.20138192	0.17782245
0.20139272	0.17958037
0.20140352	0.18128205
0.20141432	0.18292933
0.20142511	0.18452393
0.20143591	0.18606756
0.20144671	0.18756185
0.20145751	0.18900838
0.20146831	0.19040869
0.2014791	0.19176426
0.2014899	0.19307651
0.2015007	0.19434685
0.2015115	0.1955766
0.2015223	0.19676707
0.20153309	0.19791953
0.20154389	0.19903517
0.20155469	0.20011517
0.20156549	0.20116069
0.20157629	0.20217283
0.20158708	0.20315263
0.20159788	0.20410115
0.20160868	0.20501937
0.20161948	0.20590828
0.20163028	0.2067688
0.20164107	0.20760184
0.20165187	0.20840828
0.20166267	0.20918896
0.20167347	0.20994471
0.20168427	0.21067633
0.20169507	0.21138459
0.20170586	0.21207022
0.20171666	0.21273395
0.20172746	0.21337649
0.20173826	0.2139985
0.20174906	0.21460064
0.20175985	0.21518355
0.20177065	0.21574783
0.20178145	0.21629409
0.20179225	0.21682289
0.20180305	0.21733481
0.20181384	0.21783035
0.20182464	0.21831007
0.20183544	0.21877445
0.20184624	0.219224
0.20185704	0.21965917
0.20186783	0.22008043
0.20187863	0.22048823
0.20188943	0.22088299
0.20190023	0.22126512
0.20191103	0.22163504
0.20192182	0.22199313
0.20193262	0.22233975
0.20194342	0.2226753
0.20195422	0.22300011
0.20196502	0.22331453
0.20197581	0.22361888
0.20198661	0.22391349
0.20199741	0.22419868
0.20200821	0.22447473
0.20201901	0.22474195
0.2020298	0.22500061
0.2020406	0.22525099
0.2020514	0.22549335
0.2020622	0.22572794
0.202073	0.22595501
0.20208379	0.22617481
0.20209459	0.22638757
0.20210539	0.2265935
0.20211619	0.22679283
0.20212699	0.22698576
0.20213778	0.22717251
0.20214858	0.22735327
0.20215938	0.22752822
0.20217018	0.22769756
0.20218098	0.22786147
0.20219178	0.22802011
0.20220257	0.22817365
0.20221337	0.22832226
0.20222417	0.22846609
0.20223497	0.22860531
0.20224577	0.22874004
0.20225656	0.22887044
0.20226736	0.22899665
0.20227816	0.22911879
0.20228896	0.229237
0.20229976	0.2293514
0.20231055	0.22946212
0.20232135	0.22956927
0.20233215	0.22967297
0.20234295	0.22977332
0.20235375	0.22987043
0.20236454	0.22996441
0.20237534	0.23005535
0.20238614	0.23014336
0.20239694	0.23022852
0.20240774	0.23031093
0.20241853	0.23039067
0.20242933	0.23046784
0.20244013	0.2305425
0.20245093	0.23061475
0.20246173	0.23068465
0.20247252	0.23075229
0.20248332	0.23081773
0.20249412	0.23088105
0.20250492	0.23094231
0.20251572	0.23100157
0.20252651	0.23105891
0.20253731	0.23111439
0.20254811	0.23116805
0.20255891	0.23121997
0.20256971	0.23127019
0.2025805	0.23131877
0.2025913	0.23136577
0.2026021	0.23141123
0.2026129	0.2314552
0.2026237	0.23149773
0.20263449	0.23153887
0.20264529	0.23157865
0.20265609	0.23161713
0.20266689	0.23165435
0.20267769	0.23169033
0.20268849	0.23172513
0.20269928	0.23175879
0.20271008	0.23179133
0.20272088	0.2318228
0.20273168	0.23185323
0.20274248	0.23188264
0.20275327	0.23191108
0.20276407	0.23193857
0.20277487	0.23196515
0.20278567	0.23199085
0.20279647	0.23201569
0.20280726	0.23203969
0.20281806	0.23206289
0.20282886	0.23208531
0.20283966	0.23210699
0.20285046	0.23212793
0.20286125	0.23214816
0.20287205	0.23216771
0.20288285	0.23218659
0.20289365	0.23220485
0.20290445	0.23222247
0.20291524	0.2322395
0.20292604	0.23225594
0.20293684	0.23227183
0.20294764	0.23228716
0.20295844	0.23230197
0.20296923	0.23231627
0.20298003	0.23233007
0.20299083	0.2323434
0.20300163	0.23235626
0.20301243	0.23236867
0.20302322	0.23238065
0.20303402	0.23239221
0.20304482	0.23240337
0.20305562	0.23241412
0.20306642	0.2324245
0.20307721	0.23243451
0.20308801	0.23244415
0.20309881	0.23245345
0.20310961	0.23246242
0.20312041	0.23247107
0.2031312	0.23247939
0.203142	0.23248741
0.2031528	0.23249515
0.2031636	0.23250259
0.2031744	0.23250976
0.2031852	0.23251666
0.20319599	0.23252331
0.20320679	0.23252969
0.20321759	0.23253585
0.20322839	0.23254176
0.20323919	0.23254745
0.20324998	0.23255292
0.20326078	0.23255817
0.20327158	0.23256322
0.20328238	0.23256807
0.20329318	0.23257273
0.20330397	0.2325772
0.20331477	0.23258149
0.20332557	0.2325856
0.20333637	0.23258954
0.20334717	0.23259332
0.20335796	0.23259694
0.20336876	0.2326004
0.20337956	0.23260372
0.20339036	0.23260689
0.20340116	0.23260993
0.20341195	0.23261282
0.20342275	0.23261559
0.20343355	0.23261823
0.20344435	0.23262074
0.20345515	0.23262314
0.20346594	0.23262542
0.20347674	0.23262759
0.20348754	0.23262965
0.20349834	0.23263161
0.20350914	0.23263347
0.20351993	0.23263523
0.20353073	0.23263689
0.20354153	0.23263847
0.20355233	0.23263995
0.20356313	0.23264135
0.20357392	0.23264267
0.20358472	0.2326439
0.20359552	0.23264506
0.20360632	0.23264614
0.20361712	0.23264715
0.20362792	0.23264809
0.20363871	0.23264895
0.20364951	0.23264976
0.20366031	0.23265049
0.20367111	0.23265117
0.2036819	0.23265179
0.2036927	0.23265235
0.2037035	0.23265285
0.2037143	0.23265329
0.2037251	0.23265369
0.2037359	0.23265403
0.20374669	0.23265432
0.20375749	0.23265457
0.20376829	0.23265477
0.20377909	0.23265492
0.20378989	0.23265503
0.20380068	0.2326551
0.20381148	0.23265513
0.20382228	0.23265511
0.20383308	0.23265506
0.20384388	0.23265497
0.20385467	0.23265485
0.20386547	0.23265469
0.20387627	0.2326545
0.20388707	0.23265428
0.20389787	0.23265402
0.20390866	0.23265373
0.20391946	0.23265342
0.20393026	0.23265307
0.20394106	0.23265271
0.20395186	0.23265231
0.20396265	0.23265188
0.20397345	0.23265143
0.20398425	0.23265096
0.20399505	0.23265046
0.20400585	0.23264994
0.20401664	0.2326494
0.20402744	0.23264883
0.20403824	0.23264825
0.20404904	0.23264765
0.20405984	0.23264702
0.20407063	0.23264638
0.20408143	0.23264572
0.20409223	0.23264504
0.20410303	0.23264435
0.20411383	0.23264363
0.20412463	0.23264291
0.20413542	0.23264216
0.20414622	0.23264141
0.20415702	0.23264063
0.20416782	0.23263985
0.20417862	0.23263905
0.20418941	0.23263823
0.20420021	0.23263741
0.20421101	0.23263657
0.20422181	0.23263572
0.20423261	0.23263486
0.2042434	0.23263399
0.2042542	0.2326331
0.204265	0.23263221
0.2042758	0.23263131
0.2042866	0.23263039
0.20429739	0.23262947
0.20430819	0.23262853
0.20431899	0.23262759
0.20432979	0.23262665
0.20434059	0.23262569
0.20435138	0.23262472
0.20436218	0.23262375
0.20437298	0.23262277
0.20438378	0.23262177
0.20439458	0.23262078
0.20440537	0.23261977
0.20441617	0.23261877
0.20442697	0.23261775
0.20443777	0.23261673
0.20444857	0.2326157
0.20445936	0.23261467
0.20447016	0.23261363
0.20448096	0.23261258
0.20449176	0.23261153
0.20450256	0.23261047
0.20451335	0.23260941
0.20452415	0.23260835
0.20453495	0.23260728
0.20454575	0.2326062
0.20455655	0.23260513
0.20456734	0.23260404
0.20457814	0.23260295
0.20458894	0.23260186
0.20459974	0.23260077
0.20461054	0.23259967
0.20462134	0.23259857
0.20463213	0.23259746
0.20464293	0.23259635
0.20465373	0.23259524
0.20466453	0.23259413
0.20467533	0.23259301
0.20468612	0.23259188
0.20469692	0.23259076
0.20470772	0.23258963
0.20471852	0.2325885
0.20472932	0.23258737
0.20474011	0.23258623
0.20475091	0.2325851
0.20476171	0.23258396
0.20477251	0.23258281
0.20478331	0.23258167
0.2047941	0.23258053
0.2048049	0.23257937
0.2048157	0.23257823
0.2048265	0.23257707
0.2048373	0.23257592
0.20484809	0.23257477
0.20485889	0.23257361
0.20486969	0.23257245
0.20488049	0.23257129
0.20489129	0.23257012
0.20490208	0.23256896
0.20491288	0.23256779
0.20492368	0.23256663
0.20493448	0.23256546
0.20494528	0.23256429
0.20495607	0.23256311
0.20496687	0.23256194
0.20497767	0.23256077
0.20498847	0.23255959
0.20499927	0.23255842
0.20501006	0.23255724
0.20502086	0.23255606
0.20503166	0.23255489
0.20504246	0.23255371
0.20505326	0.23255252
0.20506405	0.23255134
0.20507485	0.23255016
0.20508565	0.23254897
0.20509645	0.23254779
0.20510725	0.2325466
0.20511805	0.23254541
0.20512884	0.23254423
0.20513964	0.23254304
0.20515044	0.23254185
0.20516124	0.23254066
0.20517203	0.23253947
0.20518283	0.23253828
0.20519363	0.23253709
0.20520443	0.2325359
0.20521523	0.23253471
0.20522603	0.23253351
0.20523682	0.23253232
0.20524762	0.23253113
0.20525842	0.23252993
0.20526922	0.23252873
0.20528002	0.23252754
0.20529081	0.23252634
0.20530161	0.23252515
0.20531241	0.23252395
0.20532321	0.23252275
0.20533401	0.23252155
0.2053448	0.23252035
0.2053556	0.23251915
0.2053664	0.23251795
0.2053772	0.23251675
0.205388	0.23251555
0.20539879	0.23251435
0.20540959	0.23251315
0.20542039	0.23251195
0.20543119	0.23251075
0.20544199	0.23250955
0.20545278	0.23250835
0.20546358	0.23250715
0.20547438	0.23250595
0.20548518	0.23250474
0.20549598	0.23250354
0.20550677	0.23250233
0.20551757	0.23250113
0.20552837	0.23249993
0.20553917	0.23249873
0.20554997	0.23249752
0.20556076	0.23249631
0.20557156	0.23249511
0.20558236	0.23249391
0.20559316	0.2324927
0.20560396	0.23249149
0.20561475	0.23249029
0.20562555	0.23248909
0.20563635	0.23248788
0.20564715	0.23248667
0.20565795	0.23248547
0.20566875	0.23248426
0.20567954	0.23248305
0.20569034	0.23248185
0.20570114	0.23248065
0.20571194	0.23247944
0.20572274	0.23247823
0.20573353	0.23247703
0.20574433	0.23247582
0.20575513	0.23247461
0.20576593	0.2324734
0.20577673	0.23247219
0.20578752	0.23247099
0.20579832	0.23246978
0.20580912	0.23246857
0.20581992	0.23246737
0.20583072	0.23246616
0.20584151	0.23246495
0.20585231	0.23246374
0.20586311	0.23246253
0.20587391	0.23246133
0.20588471	0.23246012
0.2058955	0.23245891
0.2059063	0.2324577
0.2059171	0.23245649
0.2059279	0.23245529
0.2059387	0.23245407
0.20594949	0.23245287
0.20596029	0.23245166
0.20597109	0.23245045
0.20598189	0.23244924
0.20599269	0.23244803
0.20600348	0.23244683
0.20601428	0.23244561
0.20602508	0.23244441
0.20603588	0.2324432
0.20604668	0.23244199
0.20605747	0.23244078
0.20606827	0.23243957
0.20607907	0.23243836
0.20608987	0.23243715
0.20610067	0.23243594
0.20611147	0.23243473
0.20612226	0.23243353
0.20613306	0.23243231
0.20614386	0.23243111
0.20615466	0.2324299
0.20616545	0.23242869
0.20617625	0.23242748
0.20618705	0.23242627
0.20619785	0.23242506
0.20620865	0.23242385
0.20621945	0.23242264
0.20623024	0.23242143
0.20624104	0.23242022
0.20625184	0.23241901
0.20626264	0.2324178
0.20627344	0.23241659
0.20628423	0.23241538
0.20629503	0.23241417
0.20630583	0.23241297
0.20631663	0.23241175
0.20632743	0.23241055
0.20633822	0.23240933
0.20634902	0.23240813
0.20635982	0.23240691
0.20637062	0.23240571
0.20638142	0.23240449
0.20639221	0.23240329
0.20640301	0.23240207
0.20641381	0.23240087
0.20642461	0.23239966
0.20643541	0.23239845
0.2064462	0.23239724
0.206457	0.23239603
0.2064678	0.23239482
0.2064786	0.23239361
0.2064894	0.2323924
0.20650019	0.23239119
0.20651099	0.23238998
0.20652179	0.23238877
0.20653259	0.23238756
0.20654339	0.23238635
0.20655418	0.23238514
0.20656498	0.23238393
0.20657578	0.23238272
0.20658658	0.23238151
0.20659738	0.2323803
0.20660818	0.23237909
0.20661897	0.23237788
0.20662977	0.23237667
0.20664057	0.23237546
0.20665137	0.23237425
0.20666217	0.23237304
0.20667296	0.23237183
0.20668376	0.23237062
0.20669456	0.23236941
0.20670536	0.2323682
0.20671616	0.23236699
0.20672695	0.23236578
0.20673775	0.23236457
0.20674855	0.23236336
0.20675935	0.23236215
0.20677015	0.23236094
0.20678094	0.23235973
0.20679174	0.23235852
0.20680254	0.23235731
0.20681334	0.2323561
0.20682414	0.23235489
0.20683493	0.23235368
0.20684573	0.23235247
0.20685653	0.23235126
0.20686733	0.23235005
0.20687813	0.23234885
0.20688892	0.23234763
0.20689972	0.23234643
0.20691052	0.23234521
0.20692132	0.23234401
0.20693212	0.23234279
0.20694291	0.23234159
0.20695371	0.23234037
0.20696451	0.23233917
0.20697531	0.23233795
0.20698611	0.23233675
0.2069969	0.23233553
0.2070077	0.23233433
0.2070185	0.23233311
0.2070293	0.23233191
0.2070401	0.23233069
0.20705089	0.23232949
0.20706169	0.23232828
0.20707249	0.23232707
0.20708329	0.23232586
0.20709409	0.23232465
0.20710489	0.23232344
0.20711568	0.23232223
0.20712648	0.23232102
0.20713728	0.23231981
0.20714808	0.2323186
0.20715888	0.23231739
0.20716967	0.23231618
0.20718047	0.23231497
0.20719127	0.23231376
0.20720207	0.23231255
0.20721287	0.23231134
0.20722366	0.23231013
0.20723446	0.23230892
0.20724526	0.23230771
0.20725606	0.2323065
0.20726686	0.23230529
0.20727765	0.23230408
0.20728845	0.23230287
0.20729925	0.23230166
0.20731005	0.23230045
0.20732085	0.23229925
0.20733164	0.23229803
0.20734244	0.23229683
0.20735324	0.23229561
0.20736404	0.23229441
0.20737484	0.23229319
0.20738563	0.23229199
0.20739643	0.23229077
0.20740723	0.23228957
0.20741803	0.23228836
0.20742883	0.23228715
0.20743962	0.23228594
0.20745042	0.23228473
0.20746122	0.23228352
0.20747202	0.23228231
0.20748282	0.2322811
0.20749361	0.23227989
0.20750441	0.23227868
0.20751521	0.23227747
0.20752601	0.23227626
0.20753681	0.23227505
0.2075476	0.23227384
0.2075584	0.23227263
0.2075692	0.23227143
0.20758	0.23227021
0.2075908	0.23226901
0.2076016	0.23226779
0.20761239	0.23226659
0.20762319	0.23226537
0.20763399	0.23226417
0.20764479	0.23226296
0.20765559	0.23226175
0.20766638	0.23226054
0.20767718	0.23225933
0.20768798	0.23225812
0.20769878	0.23225691
0.20770958	0.2322557
0.20772037	0.23225449
0.20773117	0.23225328
0.20774197	0.23225207
0.20775277	0.23225086
0.20776357	0.23224965
0.20777436	0.23224845
0.20778516	0.23224723
0.20779596	0.23224603
0.20780676	0.23224481
0.20781756	0.23224361
0.20782835	0.2322424
0.20783915	0.23224119
0.20784995	0.23223998
0.20786075	0.23223877
0.20787155	0.23223756
0.20788234	0.23223635
0.20789314	0.23223514
0.20790394	0.23223393
0.20791474	0.23223272
0.20792554	0.23223151
0.20793633	0.23223031
0.20794713	0.23222909
0.20795793	0.23222789
0.20796873	0.23222668
0.20797953	0.23222547
0.20799032	0.23222426
0.20800112	0.23222305
0.20801192	0.23222184
0.20802272	0.23222063
0.20803352	0.23221942
0.20804431	0.23221821
0.20805511	0.232217
0.20806591	0.23221579
0.20807671	0.23221459
0.20808751	0.23221337
0.2080983	0.23221217
0.2081091	0.23221096
0.2081199	0.23220975
0.2081307	0.23220854
0.2081415	0.23220733
0.2081523	0.23220612
0.20816309	0.23220491
0.20817389	0.2322037
0.20818469	0.23220249
0.20819549	0.23220129
0.20820629	0.23220007
0.20821708	0.23219887
0.20822788	0.23219765
0.20823868	0.23219645
0.20824948	0.23219524
0.20826028	0.23219403
0.20827107	0.23219282
0.20828187	0.23219161
0.20829267	0.2321904
0.20830347	0.23218919
0.20831427	0.23218799
0.20832506	0.23218677
0.20833586	0.23218557
0.20834666	0.23218436
0.20835746	0.23218315
0.20836826	0.23218194
0.20837905	0.23218073
0.20838985	0.23217952
0.20840065	0.23217831
0.20841145	0.2321771
0.20842225	0.23217589
0.20843304	0.23217469
0.20844384	0.23217347
0.20845464	0.23217227
0.20846544	0.23217106
0.20847624	0.23216985
0.20848703	0.23216864
0.20849783	0.23216743
0.20850863	0.23216622
0.20851943	0.23216501
0.20853023	0.23216381
0.20854102	0.23216259
0.20855182	0.23216139
0.20856262	0.23216018
0.20857342	0.23215897
0.20858422	0.23215776
0.20859502	0.23215655
0.20860581	0.23215534
0.20861661	0.23215413
0.20862741	0.23215293
0.20863821	0.23215171
0.20864901	0.23215051
0.2086598	0.2321493
0.2086706	0.23214809
0.2086814	0.23214688
0.2086922	0.23214567
0.208703	0.23214446
0.20871379	0.23214325
0.20872459	0.23214205
0.20873539	0.23214083
0.20874619	0.23213963
0.20875699	0.23213842
0.20876778	0.23213721
0.20877858	0.232136
0.20878938	0.23213479
0.20880018	0.23213359
0.20881098	0.23213237
0.20882177	0.23213117
0.20883257	0.23212996
0.20884337	0.23212875
0.20885417	0.23212754
0.20886497	0.23212633
0.20887576	0.23212512
0.20888656	0.23212391
0.20889736	0.23212271
0.20890816	0.2321215
0.20891896	0.23212029
0.20892975	0.23211908
0.20894055	0.23211787
0.20895135	0.23211666
0.20896215	0.23211545
0.20897295	0.23211425
0.20898374	0.23211304
0.20899454	0.23211183
0.20900534	0.23211062
0.20901614	0.23210941
0.20902694	0.2321082
0.20903773	0.23210699
0.20904853	0.23210579
0.20905933	0.23210457
0.20907013	0.23210337
0.20908093	0.23210216
0.20909173	0.23210095
0.20910252	0.23209974
0.20911332	0.23209853
0.20912412	0.23209733
0.20913492	0.23209612
0.20914572	0.23209491
0.20915651	0.2320937
0.20916731	0.23209249
0.20917811	0.23209128
0.20918891	0.23209007
0.20919971	0.23208887
0.2092105	0.23208766
0.2092213	0.23208645
0.2092321	0.23208524
0.2092429	0.23208403
0.2092537	0.23208283
0.20926449	0.23208161
0.20927529	0.23208041
0.20928609	0.2320792
0.20929689	0.23207799
0.20930769	0.23207678
0.20931848	0.23207557
0.20932928	0.23207437
0.20934008	0.23207315
0.20935088	0.23207195
0.20936168	0.23207074
0.20937247	0.23206953
0.20938327	0.23206832
0.20939407	0.23206711
0.20940487	0.23206591
0.20941567	0.2320647
0.20942646	0.23206349
0.20943726	0.23206228
0.20944806	0.23206107
0.20945886	0.23205987
0.20946966	0.23205865
0.20948045	0.23205745
0.20949125	0.23205624
0.20950205	0.23205503
0.20951285	0.23205382
0.20952365	0.23205261
0.20953444	0.23205141
0.20954524	0.2320502
0.20955604	0.23204899
0.20956684	0.23204778
0.20957764	0.23204657
0.20958844	0.23204537
0.20959923	0.23204416
0.20961003	0.23204295
0.20962083	0.23204174
0.20963163	0.23204053
0.20964243	0.23203933
0.20965322	0.23203811
0.20966402	0.23203691
0.20967482	0.2320357
0.20968562	0.23203449
0.20969642	0.23203328
0.20970721	0.23203207
0.20971801	0.23203087
0.20972881	0.23202966
0.20973961	0.23202845
0.20975041	0.23202724
0.2097612	0.23202603
0.209772	0.23202483
0.2097828	0.23202362
0.2097936	0.23202241
0.2098044	0.2320212
0.20981519	0.23201999
0.20982599	0.23201879
0.20983679	0.23201758
0.20984759	0.23201637
0.20985839	0.23201516
0.20986918	0.23201395
0.20987998	0.23201275
0.20989078	0.23201154
0.20990158	0.23201033
0.20991238	0.23200912
0.20992317	0.23200791
0.20993397	0.23200671
0.20994477	0.2320055
0.20995557	0.23200429
0.20996637	0.23200308
0.20997716	0.23200187
0.20998796	0.23200067
0.20999876	0.23199946
0.21000956	0.23199825
0.21002036	0.23199704
0.21003115	0.23199583
0.21004195	0.23199463
0.21005275	0.23199342
0.21006355	0.23199221
0.21007435	0.231991
0.21008515	0.23198979
0.21009594	0.23198859
0.21010674	0.23198738
0.21011754	0.23198617
0.21012834	0.23198496
0.21013914	0.23198375
0.21014993	0.23198255
0.21016073	0.23198134
0.21017153	0.23198013
0.21018233	0.23197892
0.21019313	0.23197771
0.21020392	0.23197651
0.21021472	0.2319753
0.21022552	0.23197409
0.21023632	0.23197289
0.21024712	0.23197167
0.21025791	0.23197047
0.21026871	0.23196926
0.21027951	0.23196805
0.21029031	0.23196685
0.21030111	0.23196564
0.2103119	0.23196443
0.2103227	0.23196322
0.2103335	0.23196201
0.2103443	0.23196081
0.2103551	0.2319596
0.21036589	0.23195839
0.21037669	0.23195718
0.21038749	0.23195597
0.21039829	0.23195477
0.21040909	0.23195356
0.21041988	0.23195235
0.21043068	0.23195115
0.21044148	0.23194993
0.21045228	0.23194873
0.21046308	0.23194752
0.21047387	0.23194631
0.21048467	0.23194511
0.21049547	0.2319439
0.21050627	0.23194269
0.21051707	0.23194148
0.21052787	0.23194027
0.21053866	0.23193907
0.21054946	0.23193786
0.21056026	0.23193665
0.21057106	0.23193545
0.21058185	0.23193424
0.21059265	0.23193303
0.21060345	0.23193182
0.21061425	0.23193061
0.21062505	0.23192941
0.21063585	0.2319282
0.21064664	0.23192699
0.21065744	0.23192579
0.21066824	0.23192458
0.21067904	0.23192337
0.21068984	0.23192216
0.21070063	0.23192095
0.21071143	0.23191975
0.21072223	0.23191854
0.21073303	0.23191733
0.21074383	0.23191613
0.21075462	0.23191491
0.21076542	0.23191371
0.21077622	0.2319125
0.21078702	0.23191129
0.21079782	0.23191009
0.21080861	0.23190888
0.21081941	0.23190767
0.21083021	0.23190647
0.21084101	0.23190526
0.21085181	0.23190405
0.2108626	0.23190284
0.2108734	0.23190163
0.2108842	0.23190043
0.210895	0.23189922
0.2109058	0.23189801
0.21091659	0.23189681
0.21092739	0.2318956
0.21093819	0.23189439
0.21094899	0.23189318
0.21095979	0.23189197
0.21097058	0.23189077
0.21098138	0.23188956
0.21099218	0.23188835
0.21100298	0.23188715
0.21101378	0.23188594
0.21102457	0.23188473
0.21103537	0.23188353
0.21104617	0.23188232
0.21105697	0.23188111
0.21106777	0.2318799
0.21107857	0.23187869
0.21108936	0.23187749
0.21110016	0.23187628
0.21111096	0.23187507
0.21112176	0.23187387
0.21113256	0.23187266
0.21114335	0.23187145
0.21115415	0.23187025
0.21116495	0.23186904
0.21117575	0.23186783
0.21118655	0.23186662
0.21119734	0.23186541
0.21120814	0.23186421
0.21121894	0.231863
0.21122974	0.23186179
0.21124054	0.23186059
0.21125133	0.23185938
0.21126213	0.23185817
0.21127293	0.23185697
0.21128373	0.23185576
0.21129453	0.23185455
0.21130532	0.23185335
0.21131612	0.23185214
0.21132692	0.23185093
0.21133772	0.23184972
0.21134852	0.23184851
0.21135931	0.23184731
0.21137011	0.2318461
0.21138091	0.23184489
0.21139171	0.23184369
0.21140251	0.23184248
0.2114133	0.23184127
0.2114241	0.23184007
0.2114349	0.23183886
0.2114457	0.23183765
0.2114565	0.23183645
0.21146729	0.23183524
0.21147809	0.23183403
0.21148889	0.23183283
0.21149969	0.23183161
0.21151049	0.23183041
0.21152129	0.2318292
0.21153208	0.23182799
0.21154288	0.23182679
0.21155368	0.23182558
0.21156448	0.23182437
0.21157528	0.23182317
0.21158607	0.23182196
0.21159687	0.23182075
0.21160767	0.23181955
0.21161847	0.23181834
0.21162927	0.23181713
0.21164006	0.23181593
0.21165086	0.23181472
0.21166166	0.23181351
0.21167246	0.23181231
0.21168326	0.2318111
0.21169405	0.23180989
0.21170485	0.23180869
0.21171565	0.23180748
0.21172645	0.23180627
0.21173725	0.23180507
0.21174804	0.23180386
0.21175884	0.23180265
0.21176964	0.23180145
0.21178044	0.23180023
0.21179124	0.23179903
0.21180203	0.23179782
0.21181283	0.23179661
0.21182363	0.23179541
0.21183443	0.2317942
0.21184523	0.23179299
0.21185602	0.23179179
0.21186682	0.23179058
0.21187762	0.23178937
0.21188842	0.23178817
0.21189922	0.23178696
0.21191001	0.23178575
0.21192081	0.23178455
0.21193161	0.23178334
0.21194241	0.23178213
0.21195321	0.23178093
0.211964	0.23177972
0.2119748	0.23177851
0.2119856	0.23177731
0.2119964	0.2317761
0.2120072	0.23177489
0.212018	0.23177369
0.21202879	0.23177248
0.21203959	0.23177127
0.21205039	0.23177007
0.21206119	0.23176886
0.21207199	0.23176765
0.21208278	0.23176645
0.21209358	0.23176524
0.21210438	0.23176403
0.21211518	0.23176283
0.21212598	0.23176162
0.21213677	0.23176041
0.21214757	0.23175921
0.21215837	0.231758
0.21216917	0.23175679
0.21217997	0.23175559
0.21219076	0.23175438
0.21220156	0.23175317
0.21221236	0.23175197
0.21222316	0.23175076
0.21223396	0.23174955
0.21224475	0.23174835
0.21225555	0.23174714
0.21226635	0.23174593
0.21227715	0.23174473
0.21228795	0.23174352
0.21229874	0.23174232
0.21230954	0.23174111
0.21232034	0.23173991
0.21233114	0.2317387
0.21234194	0.23173749
0.21235273	0.23173629
0.21236353	0.23173508
0.21237433	0.23173387
0.21238513	0.23173267
0.21239593	0.23173146
0.21240672	0.23173025
0.21241752	0.23172905
0.21242832	0.23172784
0.21243912	0.23172663
0.21244992	0.23172543
0.21246071	0.23172422
0.21247151	0.23172301
0.21248231	0.23172181
0.21249311	0.2317206
0.21250391	0.23171939
0.2125147	0.23171819
0.2125255	0.23171698
0.2125363	0.23171577
0.2125471	0.23171457
0.2125579	0.23171336
0.2125687	0.23171215
0.21257949	0.23171095
0.21259029	0.23170975
0.21260109	0.23170854
0.21261189	0.23170733
0.21262269	0.23170613
0.21263348	0.23170492
0.21264428	0.23170371
0.21265508	0.23170251
0.21266588	0.2317013
0.21267668	0.23170009
0.21268747	0.23169889
0.21269827	0.23169768
0.21270907	0.23169647
0.21271987	0.23169527
0.21273067	0.23169406
0.21274146	0.23169285
0.21275226	0.23169165
0.21276306	0.23169045
0.21277386	0.23168924
0.21278466	0.23168803
0.21279545	0.23168683
0.21280625	0.23168562
0.21281705	0.23168441
0.21282785	0.23168321
0.21283865	0.231682
0.21284944	0.23168079
0.21286024	0.23167959
0.21287104	0.23167838
0.21288184	0.23167717
0.21289264	0.23167597
0.21290343	0.23167477
0.21291423	0.23167356
0.21292503	0.23167235
0.21293583	0.23167115
0.21294663	0.23166994
0.21295742	0.23166873
0.21296822	0.23166753
0.21297902	0.23166632
0.21298982	0.23166511
0.21300062	0.23166391
0.21301142	0.2316627
0.21302221	0.23166149
0.21303301	0.23166029
0.21304381	0.23165909
0.21305461	0.23165788
0.2130654	0.23165667
0.2130762	0.23165547
0.213087	0.23165426
0.2130978	0.23165305
0.2131086	0.23165185
0.2131194	0.23165064
0.21313019	0.23164943
0.21314099	0.23164823
0.21315179	0.23164703
0.21316259	0.23164582
0.21317339	0.23164461
0.21318418	0.23164341
0.21319498	0.2316422
0.21320578	0.23164099
0.21321658	0.23163979
0.21322738	0.23163858
0.21323817	0.23163738
0.21324897	0.23163617
0.21325977	0.23163497
0.21327057	0.23163376
0.21328137	0.23163255
0.21329216	0.23163135
0.21330296	0.23163014
0.21331376	0.23162893
0.21332456	0.23162773
0.21333536	0.23162653
0.21334615	0.23162532
0.21335695	0.23162411
0.21336775	0.23162291
0.21337855	0.2316217
0.21338935	0.23162049
0.21340014	0.23161929
0.21341094	0.23161809
0.21342174	0.23161688
0.21343254	0.23161567
0.21344334	0.23161447
0.21345413	0.23161326
0.21346493	0.23161205
0.21347573	0.23161085
0.21348653	0.23160964
0.21349733	0.23160844
0.21350812	0.23160723
0.21351892	0.23160603
0.21352972	0.23160482
0.21354052	0.23160361
0.21355132	0.23160241
0.21356212	0.2316012
0.21357291	0.2316
0.21358371	0.23159879
0.21359451	0.23159759
0.21360531	0.23159638
0.21361611	0.23159517
0.2136269	0.23159397
0.2136377	0.23159277
0.2136485	0.23159156
0.2136593	0.23159035
0.2136701	0.23158915
0.21368089	0.23158794
0.21369169	0.23158673
0.21370249	0.23158553
0.21371329	0.23158433
0.21372409	0.23158312
0.21373488	0.23158191
0.21374568	0.23158071
0.21375648	0.2315795
0.21376728	0.23157829
0.21377808	0.23157709
0.21378887	0.23157589
0.21379967	0.23157468
0.21381047	0.23157347
0.21382127	0.23157227
0.21383207	0.23157106
0.21384286	0.23156986
0.21385366	0.23156865
0.21386446	0.23156745
0.21387526	0.23156624
0.21388606	0.23156503
0.21389685	0.23156383
0.21390765	0.23156263
0.21391845	0.23156142
0.21392925	0.23156021
0.21394005	0.23155901
0.21395084	0.2315578
0.21396164	0.2315566
0.21397244	0.23155539
0.21398324	0.23155419
0.21399404	0.23155298
0.21400484	0.23155177
0.21401563	0.23155057
0.21402643	0.23154937
0.21403723	0.23154816
0.21404803	0.23154695
0.21405883	0.23154575
0.21406962	0.23154454
0.21408042	0.23154334
0.21409122	0.23154213
0.21410202	0.23154093
0.21411282	0.23153972
0.21412361	0.23153851
0.21413441	0.23153731
0.21414521	0.23153611
0.21415601	0.2315349
0.21416681	0.23153369
0.2141776	0.23153249
0.2141884	0.23153129
0.2141992	0.23153008
0.21421	0.23152887
0.2142208	0.23152767
0.21423159	0.23152646
0.21424239	0.23152526
0.21425319	0.23152405
0.21426399	0.23152285
0.21427479	0.23152164
0.21428558	0.23152044
0.21429638	0.23151923
0.21430718	0.23151803
0.21431798	0.23151682
0.21432878	0.23151561
0.21433957	0.23151441
0.21435037	0.23151321
0.21436117	0.231512
0.21437197	0.23151079
0.21438277	0.23150959
0.21439356	0.23150839
0.21440436	0.23150718
0.21441516	0.23150597
0.21442596	0.23150477
0.21443676	0.23150357
0.21444755	0.23150236
0.21445835	0.23150115
0.21446915	0.23149995
0.21447995	0.23149875
0.21449075	0.23149754
0.21450155	0.23149633
0.21451234	0.23149513
0.21452314	0.23149392
0.21453394	0.23149272
0.21454474	0.23149151
0.21455554	0.23149031
0.21456633	0.2314891
0.21457713	0.2314879
0.21458793	0.23148669
0.21459873	0.23148549
0.21460953	0.23148428
0.21462032	0.23148308
0.21463112	0.23148187
0.21464192	0.23148067
0.21465272	0.23147946
0.21466352	0.23147826
0.21467431	0.23147705
0.21468511	0.23147585
0.21469591	0.23147464
0.21470671	0.23147344
0.21471751	0.23147223
0.2147283	0.23147103
0.2147391	0.23146982
0.2147499	0.23146862
0.2147607	0.23146741
0.2147715	0.23146621
0.21478229	0.231465
0.21479309	0.2314638
0.21480389	0.23146259
0.21481469	0.23146139
0.21482549	0.23146019
0.21483628	0.23145898
0.21484708	0.23145777
0.21485788	0.23145657
0.21486868	0.23145537
0.21487948	0.23145416
0.21489027	0.23145295
0.21490107	0.23145175
0.21491187	0.23145055
0.21492267	0.23144934
0.21493347	0.23144813
0.21494426	0.23144693
0.21495506	0.23144573
0.21496586	0.23144452
0.21497666	0.23144331
0.21498746	0.23144211
0.21499825	0.23144091
0.21500905	0.2314397
0.21501985	0.23143849
0.21503065	0.23143729
0.21504145	0.23143609
0.21505225	0.23143488
0.21506304	0.23143368
0.21507384	0.23143247
0.21508464	0.23143127
0.21509544	0.23143006
0.21510624	0.23142886
0.21511703	0.23142765
0.21512783	0.23142645
0.21513863	0.23142525
0.21514943	0.23142404
0.21516023	0.23142283
0.21517102	0.23142163
0.21518182	0.23142043
0.21519262	0.23141922
0.21520342	0.23141801
0.21521422	0.23141681
0.21522501	0.23141561
0.21523581	0.2314144
0.21524661	0.2314132
0.21525741	0.23141199
0.21526821	0.23141079
0.215279	0.23140959
0.2152898	0.23140838
0.2153006	0.23140717
0.2153114	0.23140597
0.2153222	0.23140477
0.21533299	0.23140356
0.21534379	0.23140235
0.21535459	0.23140115
0.21536539	0.23139995
0.21537619	0.23139874
0.21538698	0.23139754
0.21539778	0.23139633
0.21540858	0.23139513
0.21541938	0.23139393
0.21543018	0.23139272
0.21544097	0.23139151
0.21545177	0.23139031
0.21546257	0.23138911
0.21547337	0.2313879
0.21548417	0.2313867
0.21549497	0.23138549
0.21550576	0.23138429
0.21551656	0.23138309
0.21552736	0.23138188
0.21553816	0.23138067
0.21554896	0.23137947
0.21555975	0.23137827
0.21557055	0.23137706
0.21558135	0.23137586
0.21559215	0.23137465
0.21560295	0.23137345
0.21561374	0.23137225
0.21562454	0.23137104
0.21563534	0.23136983
0.21564614	0.23136863
0.21565694	0.23136743
0.21566773	0.23136622
0.21567853	0.23136502
0.21568933	0.23136381
0.21570013	0.23136261
0.21571093	0.23136141
0.21572172	0.2313602
0.21573252	0.231359
0.21574332	0.23135779
0.21575412	0.23135659
0.21576492	0.23135539
0.21577571	0.23135418
0.21578651	0.23135297
0.21579731	0.23135177
0.21580811	0.23135057
0.21581891	0.23134936
0.2158297	0.23134816
0.2158405	0.23134695
0.2158513	0.23134575
0.2158621	0.23134455
0.2158729	0.23134334
0.21588369	0.23134214
0.21589449	0.23134093
0.21590529	0.23133973
0.21591609	0.23133853
0.21592689	0.23133732
0.21593768	0.23133611
0.21594848	0.23133491
0.21595928	0.23133371
0.21597008	0.23133251
0.21598088	0.2313313
0.21599167	0.23133009
0.21600247	0.23132889
0.21601327	0.23132769
0.21602407	0.23132648
0.21603487	0.23132528
0.21604567	0.23132407
0.21605646	0.23132287
0.21606726	0.23132167
0.21607806	0.23132046
0.21608886	0.23131926
0.21609966	0.23131805
0.21611045	0.23131685
0.21612125	0.23131565
0.21613205	0.23131444
0.21614285	0.23131324
0.21615365	0.23131203
0.21616444	0.23131083
0.21617524	0.23130963
0.21618604	0.23130842
0.21619684	0.23130722
0.21620764	0.23130601
0.21621843	0.23130481
0.21622923	0.23130361
0.21624003	0.2313024
0.21625083	0.2313012
0.21626163	0.23129999
0.21627242	0.23129879
0.21628322	0.23129759
0.21629402	0.23129638
0.21630482	0.23129518
0.21631562	0.23129397
0.21632641	0.23129277
0.21633721	0.23129157
0.21634801	0.23129036
0.21635881	0.23128916
0.21636961	0.23128795
0.2163804	0.23128675
0.2163912	0.23128555
0.216402	0.23128434
0.2164128	0.23128314
0.2164236	0.23128193
0.21643439	0.23128073
0.21644519	0.23127953
0.21645599	0.23127832
0.21646679	0.23127712
0.21647759	0.23127591
0.21648839	0.23127471
0.21649918	0.23127351
0.21650998	0.23127231
0.21652078	0.2312711
0.21653158	0.23126989
0.21654238	0.23126869
0.21655317	0.23126749
0.21656397	0.23126629
0.21657477	0.23126508
0.21658557	0.23126388
0.21659637	0.23126267
0.21660716	0.23126147
0.21661796	0.23126027
0.21662876	0.23125906
0.21663956	0.23125786
0.21665036	0.23125665
0.21666115	0.23125545
0.21667195	0.23125425
0.21668275	0.23125305
0.21669355	0.23125184
0.21670435	0.23125063
0.21671514	0.23124943
0.21672594	0.23124823
0.21673674	0.23124703
0.21674754	0.23124582
0.21675834	0.23124462
0.21676913	0.23124341
0.21677993	0.23124221
0.21679073	0.23124101
0.21680153	0.2312398
0.21681233	0.2312386
0.21682312	0.23123739
0.21683392	0.23123619
0.21684472	0.23123499
0.21685552	0.23123379
0.21686632	0.23123258
0.21687711	0.23123138
0.21688791	0.23123017
0.21689871	0.23122897
0.21690951	0.23122777
0.21692031	0.23122656
0.2169311	0.23122536
0.2169419	0.23122415
0.2169527	0.23122295
0.2169635	0.23122175
0.2169743	0.23122055
0.2169851	0.23121934
0.21699589	0.23121814
0.21700669	0.23121693
0.21701749	0.23121573
0.21702829	0.23121453
0.21703909	0.23121333
0.21704988	0.23121212
0.21706068	0.23121092
0.21707148	0.23120971
0.21708228	0.23120851
0.21709308	0.23120731
0.21710387	0.23120611
0.21711467	0.2312049
0.21712547	0.2312037
0.21713627	0.23120249
0.21714707	0.23120129
0.21715786	0.23120009
0.21716866	0.23119888
0.21717946	0.23119768
0.21719026	0.23119647
0.21720106	0.23119527
0.21721185	0.23119407
0.21722265	0.23119287
0.21723345	0.23119166
0.21724425	0.23119046
0.21725505	0.23118925
0.21726584	0.23118805
0.21727664	0.23118685
0.21728744	0.23118565
0.21729824	0.23118444
0.21730904	0.23118324
0.21731983	0.23118203
0.21733063	0.23118083
0.21734143	0.23117963
0.21735223	0.23117843
0.21736303	0.23117722
0.21737382	0.23117602
0.21738462	0.23117481
0.21739542	0.23117361
0.21740622	0.23117241
0.21741702	0.23117121
0.21742781	0.23117001
0.21743861	0.2311688
0.21744941	0.2311676
0.21746021	0.23116639
0.21747101	0.23116519
0.21748181	0.23116399
0.2174926	0.23116279
0.2175034	0.23116158
0.2175142	0.23116038
0.217525	0.23115917
0.2175358	0.23115797
0.21754659	0.23115677
0.21755739	0.23115557
0.21756819	0.23115436
0.21757899	0.23115316
0.21758979	0.23115195
0.21760058	0.23115075
0.21761138	0.23114955
0.21762218	0.23114835
0.21763298	0.23114714
0.21764378	0.23114594
0.21765457	0.23114474
0.21766537	0.23114353
0.21767617	0.23114233
0.21768697	0.23114113
0.21769777	0.23113993
0.21770856	0.23113872
0.21771936	0.23113752
0.21773016	0.23113631
0.21774096	0.23113511
0.21775176	0.23113391
0.21776255	0.23113271
0.21777335	0.2311315
0.21778415	0.2311303
0.21779495	0.2311291
0.21780575	0.23112789
0.21781654	0.23112669
0.21782734	0.23112549
0.21783814	0.23112429
0.21784894	0.23112308
0.21785974	0.23112188
0.21787053	0.23112067
0.21788133	0.23111947
0.21789213	0.23111827
0.21790293	0.23111707
0.21791373	0.23111587
0.21792452	0.23111466
0.21793532	0.23111346
0.21794612	0.23111225
0.21795692	0.23111105
0.21796772	0.23110985
0.21797852	0.23110865
0.21798931	0.23110745
0.21800011	0.23110624
0.21801091	0.23110504
0.21802171	0.23110383
0.21803251	0.23110263
0.2180433	0.23110143
0.2180541	0.23110023
0.2180649	0.23109903
0.2180757	0.23109782
0.2180865	0.23109662
0.21809729	0.23109541
0.21810809	0.23109421
0.21811889	0.23109301
0.21812969	0.23109181
0.21814049	0.23109061
0.21815128	0.2310894
0.21816208	0.2310882
0.21817288	0.23108699
0.21818368	0.23108579
0.21819448	0.23108459
0.21820527	0.23108339
0.21821607	0.23108219
0.21822687	0.23108098
0.21823767	0.23107978
0.21824847	0.23107858
0.21825926	0.23107737
0.21827006	0.23107617
0.21828086	0.23107497
0.21829166	0.23107377
0.21830246	0.23107257
0.21831325	0.23107136
0.21832405	0.23107016
0.21833485	0.23106895
0.21834565	0.23106775
0.21835645	0.23106655
0.21836724	0.23106535
0.21837804	0.23106415
0.21838884	0.23106294
0.21839964	0.23106174
0.21841044	0.23106054
0.21842124	0.23105933
0.21843203	0.23105813
0.21844283	0.23105693
0.21845363	0.23105573
0.21846443	0.23105453
0.21847522	0.23105332
0.21848602	0.23105212
0.21849682	0.23105091
0.21850762	0.23104971
0.21851842	0.23104851
0.21852922	0.23104731
0.21854001	0.23104611
0.21855081	0.23104491
0.21856161	0.2310437
0.21857241	0.2310425
0.21858321	0.23104129
0.218594	0.23104009
0.2186048	0.23103889
0.2186156	0.23103769
0.2186264	0.23103649
0.2186372	0.23103529
0.21864799	0.23103408
0.21865879	0.23103288
0.21866959	0.23103167
0.21868039	0.23103047
0.21869119	0.23102927
0.21870198	0.23102807
0.21871278	0.23102687
0.21872358	0.23102567
0.21873438	0.23102446
0.21874518	0.23102326
0.21875597	0.23102206
0.21876677	0.23102085
0.21877757	0.23101965
0.21878837	0.23101845
0.21879917	0.23101725
0.21880996	0.23101605
0.21882076	0.23101484
0.21883156	0.23101364
0.21884236	0.23101244
0.21885316	0.23101123
0.21886395	0.23101003
0.21887475	0.23100883
0.21888555	0.23100763
0.21889635	0.23100643
0.21890715	0.23100523
0.21891795	0.23100402
0.21892874	0.23100282
0.21893954	0.23100162
0.21895034	0.23100041
0.21896114	0.23099921
0.21897194	0.23099801
0.21898273	0.23099681
0.21899353	0.23099561
0.21900433	0.23099441
0.21901513	0.2309932
0.21902593	0.230992
0.21903672	0.2309908
0.21904752	0.23098959
0.21905832	0.23098839
0.21906912	0.23098719
0.21907992	0.23098599
0.21909071	0.23098479
0.21910151	0.23098359
0.21911231	0.23098238
0.21912311	0.23098118
0.21913391	0.23097998
0.2191447	0.23097877
0.2191555	0.23097757
0.2191663	0.23097637
0.2191771	0.23097517
0.2191879	0.23097397
0.21919869	0.23097277
0.21920949	0.23097156
0.21922029	0.23097036
0.21923109	0.23096916
0.21924189	0.23096795
0.21925268	0.23096675
0.21926348	0.23096555
0.21927428	0.23096435
0.21928508	0.23096315
0.21929588	0.23096195
0.21930667	0.23096075
0.21931747	0.23095954
0.21932827	0.23095834
0.21933907	0.23095714
0.21934987	0.23095593
0.21936066	0.23095473
0.21937146	0.23095353
0.21938226	0.23095233
0.21939306	0.23095113
0.21940386	0.23094993
0.21941466	0.23094872
0.21942545	0.23094752
0.21943625	0.23094632
0.21944705	0.23094512
0.21945785	0.23094391
0.21946865	0.23094271
0.21947944	0.23094151
0.21949024	0.23094031
0.21950104	0.23093911
0.21951184	0.23093791
0.21952264	0.23093671
0.21953343	0.2309355
0.21954423	0.2309343
0.21955503	0.2309331
0.21956583	0.23093189
0.21957663	0.23093069
0.21958742	0.23092949
0.21959822	0.23092829
0.21960902	0.23092709
0.21961982	0.23092589
0.21963062	0.23092469
0.21964141	0.23092348
0.21965221	0.23092228
0.21966301	0.23092108
0.21967381	0.23091988
0.21968461	0.23091867
0.2196954	0.23091747
0.2197062	0.23091627
0.219717	0.23091507
0.2197278	0.23091387
0.2197386	0.23091267
0.21974939	0.23091147
0.21976019	0.23091027
0.21977099	0.23090906
0.21978179	0.23090786
0.21979259	0.23090666
0.21980338	0.23090545
0.21981418	0.23090425
0.21982498	0.23090305
0.21983578	0.23090185
0.21984658	0.23090065
0.21985737	0.23089945
0.21986817	0.23089825
0.21987897	0.23089705
0.21988977	0.23089584
0.21990057	0.23089464
0.21991137	0.23089344
0.21992216	0.23089224
0.21993296	0.23089103
0.21994376	0.23088983
0.21995456	0.23088863
0.21996535	0.23088743
0.21997615	0.23088623
0.21998695	0.23088503
0.21999775	0.23088383
0.22000855	0.23088263
0.22001935	0.23088142
0.22003014	0.23088022
0.22004094	0.23087902
0.22005174	0.23087782
0.22006254	0.23087662
0.22007334	0.23087541
0.22008413	0.23087421
0.22009493	0.23087301
0.22010573	0.23087181
0.22011653	0.23087061
0.22012733	0.23086941
0.22013812	0.23086821
0.22014892	0.23086701
0.22015972	0.2308658
0.22017052	0.2308646
0.22018132	0.2308634
0.22019211	0.2308622
0.22020291	0.230861
0.22021371	0.23085979
0.22022451	0.23085859
0.22023531	0.23085739
0.2202461	0.23085619
0.2202569	0.23085499
0.2202677	0.23085379
0.2202785	0.23085259
0.2202893	0.23085139
0.22030009	0.23085019
0.22031089	0.23084898
0.22032169	0.23084778
0.22033249	0.23084658
0.22034329	0.23084538
0.22035408	0.23084418
0.22036488	0.23084297
0.22037568	0.23084177
0.22038648	0.23084057
0.22039728	0.23083937
0.22040807	0.23083817
0.22041887	0.23083697
0.22042967	0.23083577
0.22044047	0.23083457
0.22045127	0.23083337
0.22046207	0.23083217
0.22047286	0.23083096
0.22048366	0.23082976
0.22049446	0.23082856
0.22050526	0.23082736
0.22051606	0.23082616
0.22052685	0.23082495
0.22053765	0.23082375
0.22054845	0.23082255
0.22055925	0.23082135
0.22057005	0.23082015
0.22058084	0.23081895
0.22059164	0.23081775
0.22060244	0.23081655
0.22061324	0.23081535
0.22062404	0.23081415
0.22063483	0.23081295
0.22064563	0.23081174
0.22065643	0.23081054
0.22066723	0.23080934
0.22067803	0.23080814
0.22068882	0.23080694
0.22069962	0.23080573
0.22071042	0.23080453
0.22072122	0.23080333
0.22073202	0.23080213
0.22074281	0.23080093
0.22075361	0.23079973
0.22076441	0.23079853
0.22077521	0.23079733
0.22078601	0.23079613
0.2207968	0.23079493
0.2208076	0.23079373
0.2208184	0.23079253
0.2208292	0.23079132
0.22084	0.23079012
0.22085079	0.23078892
0.22086159	0.23078772
0.22087239	0.23078652
0.22088319	0.23078532
0.22089399	0.23078411
0.22090479	0.23078291
0.22091558	0.23078171
0.22092638	0.23078051
0.22093718	0.23077931
0.22094798	0.23077811
0.22095877	0.23077691
0.22096957	0.23077571
0.22098037	0.23077451
0.22099117	0.23077331
0.22100197	0.23077211
0.22101277	0.23077091
0.22102356	0.23076971
0.22103436	0.23076851
0.22104516	0.2307673
0.22105596	0.2307661
0.22106676	0.2307649
0.22107755	0.2307637
0.22108835	0.2307625
0.22109915	0.2307613
0.22110995	0.2307601
0.22112075	0.23075889
0.22113154	0.23075769
0.22114234	0.23075649
0.22115314	0.23075529
0.22116394	0.23075409
0.22117474	0.23075289
0.22118553	0.23075169
0.22119633	0.23075049
0.22120713	0.23074929
0.22121793	0.23074809
0.22122873	0.23074689
0.22123952	0.23074569
0.22125032	0.23074449
0.22126112	0.23074329
0.22127192	0.23074209
0.22128272	0.23074088
0.22129351	0.23073968
0.22130431	0.23073848
0.22131511	0.23073728
0.22132591	0.23073608
0.22133671	0.23073488
0.2213475	0.23073368
0.2213583	0.23073248
0.2213691	0.23073128
0.2213799	0.23073007
0.2213907	0.23072887
0.2214015	0.23072767
0.22141229	0.23072647
0.22142309	0.23072527
0.22143389	0.23072407
0.22144469	0.23072287
0.22145549	0.23072167
0.22146628	0.23072047
0.22147708	0.23071927
0.22148788	0.23071807
0.22149868	0.23071687
0.22150948	0.23071567
0.22152027	0.23071447
0.22153107	0.23071327
0.22154187	0.23071207
0.22155267	0.23071087
0.22156347	0.23070967
0.22157426	0.23070847
0.22158506	0.23070727
0.22159586	0.23070606
0.22160666	0.23070486
0.22161746	0.23070366
0.22162825	0.23070246
0.22163905	0.23070126
0.22164985	0.23070006
0.22166065	0.23069886
0.22167145	0.23069766
0.22168224	0.23069646
0.22169304	0.23069526
0.22170384	0.23069406
0.22171464	0.23069286
0.22172544	0.23069165
0.22173623	0.23069045
0.22174703	0.23068925
0.22175783	0.23068805
0.22176863	0.23068685
0.22177943	0.23068565
0.22179022	0.23068445
0.22180102	0.23068325
0.22181182	0.23068205
0.22182262	0.23068085
0.22183342	0.23067965
0.22184421	0.23067845
0.22185501	0.23067725
0.22186581	0.23067605
0.22187661	0.23067485
0.22188741	0.23067365
0.22189821	0.23067245
0.221909	0.23067125
0.2219198	0.23067005
0.2219306	0.23066885
0.2219414	0.23066765
0.2219522	0.23066645
0.22196299	0.23066525
0.22197379	0.23066405
0.22198459	0.23066285
0.22199539	0.23066165
0.22200619	0.23066045
0.22201698	0.23065925
0.22202778	0.23065805
0.22203858	0.23065685
0.22204938	0.23065565
0.22206018	0.23065445
0.22207097	0.23065325
0.22208177	0.23065204
0.22209257	0.23065084
0.22210337	0.23064964
0.22211417	0.23064844
0.22212496	0.23064724
0.22213576	0.23064604
0.22214656	0.23064484
0.22215736	0.23064364
0.22216816	0.23064244
0.22217895	0.23064124
0.22218975	0.23064004
0.22220055	0.23063884
0.22221135	0.23063764
0.22222215	0.23063644
0.22223294	0.23063524
0.22224374	0.23063404
0.22225454	0.23063284
0.22226534	0.23063164
0.22227614	0.23063044
0.22228693	0.23062924
0.22229773	0.23062804
0.22230853	0.23062684
0.22231933	0.23062564
0.22233013	0.23062444
0.22234092	0.23062324
0.22235172	0.23062204
0.22236252	0.23062084
0.22237332	0.23061964
0.22238412	0.23061844
0.22239492	0.23061724
0.22240571	0.23061604
0.22241651	0.23061484
0.22242731	0.23061364
0.22243811	0.23061244
0.22244891	0.23061124
0.2224597	0.23061004
0.2224705	0.23060884
0.2224813	0.23060764
0.2224921	0.23060644
0.2225029	0.23060524
0.22251369	0.23060404
0.22252449	0.23060284
0.22253529	0.23060164
0.22254609	0.23060044
0.22255689	0.23059924
0.22256768	0.23059804
0.22257848	0.23059684
0.22258928	0.23059564
0.22260008	0.23059444
0.22261088	0.23059324
0.22262167	0.23059204
0.22263247	0.23059084
0.22264327	0.23058964
0.22265407	0.23058844
0.22266487	0.23058724
0.22267566	0.23058604
0.22268646	0.23058484
0.22269726	0.23058364
0.22270806	0.23058244
0.22271886	0.23058124
0.22272965	0.23058004
0.22274045	0.23057884
0.22275125	0.23057764
0.22276205	0.23057644
0.22277285	0.23057524
0.22278364	0.23057404
0.22279444	0.23057284
0.22280524	0.23057164
0.22281604	0.23057044
0.22282684	0.23056924
0.22283763	0.23056804
0.22284843	0.23056684
0.22285923	0.23056564
0.22287003	0.23056444
0.22288083	0.23056324
0.22289162	0.23056204
0.22290242	0.23056084
0.22291322	0.23055964
0.22292402	0.23055844
0.22293482	0.23055724
0.22294562	0.23055604
0.22295641	0.23055484
0.22296721	0.23055364
0.22297801	0.23055244
0.22298881	0.23055124
0.22299961	0.23055005
0.2230104	0.23054885
0.2230212	0.23054765
0.223032	0.23054645
0.2230428	0.23054525
0.2230536	0.23054405
0.22306439	0.23054285
0.22307519	0.23054165
0.22308599	0.23054045
0.22309679	0.23053925
0.22310759	0.23053805
0.22311838	0.23053685
0.22312918	0.23053565
0.22313998	0.23053445
0.22315078	0.23053325
0.22316158	0.23053205
0.22317237	0.23053085
0.22318317	0.23052965
0.22319397	0.23052845
0.22320477	0.23052725
0.22321557	0.23052605
0.22322636	0.23052485
0.22323716	0.23052365
0.22324796	0.23052245
0.22325876	0.23052125
0.22326956	0.23052005
0.22328035	0.23051885
0.22329115	0.23051765
0.22330195	0.23051645
0.22331275	0.23051525
0.22332355	0.23051405
0.22333434	0.23051285
0.22334514	0.23051165
0.22335594	0.23051046
0.22336674	0.23050926
0.22337754	0.23050806
0.22338834	0.23050686
0.22339913	0.23050566
0.22340993	0.23050446
0.22342073	0.23050326
0.22343153	0.23050206
0.22344233	0.23050086
0.22345312	0.23049966
0.22346392	0.23049846
0.22347472	0.23049726
0.22348552	0.23049607
0.22349632	0.23049487
0.22350711	0.23049367
0.22351791	0.23049247
0.22352871	0.23049127
0.22353951	0.23049007
0.22355031	0.23048887
0.2235611	0.23048767
0.2235719	0.23048647
0.2235827	0.23048527
0.2235935	0.23048407
0.2236043	0.23048287
0.22361509	0.23048167
0.22362589	0.23048047
0.22363669	0.23047927
0.22364749	0.23047807
0.22365829	0.23047687
0.22366908	0.23047567
0.22367988	0.23047447
0.22369068	0.23047327
0.22370148	0.23047208
0.22371228	0.23047088
0.22372307	0.23046968
0.22373387	0.23046848
0.22374467	0.23046728
0.22375547	0.23046608
0.22376627	0.23046488
0.22377706	0.23046368
0.22378786	0.23046248
0.22379866	0.23046129
0.22380946	0.23046009
0.22382026	0.23045889
0.22383105	0.23045769
0.22384185	0.23045649
0.22385265	0.23045529
0.22386345	0.23045409
0.22387425	0.23045289
0.22388505	0.23045169
0.22389584	0.23045049
0.22390664	0.23044929
0.22391744	0.23044809
0.22392824	0.23044689
0.22393904	0.23044569
0.22394983	0.23044449
0.22396063	0.23044329
0.22397143	0.2304421
0.22398223	0.2304409
0.22399303	0.2304397
0.22400382	0.2304385
0.22401462	0.2304373
0.22402542	0.2304361
0.22403622	0.2304349
0.22404702	0.23043371
0.22405781	0.23043251
0.22406861	0.23043131
0.22407941	0.23043011
0.22409021	0.23042891
0.22410101	0.23042771
0.2241118	0.23042651
0.2241226	0.23042531
0.2241334	0.23042411
0.2241442	0.23042291
0.224155	0.23042171
0.22416579	0.23042051
0.22417659	0.23041931
0.22418739	0.23041812
0.22419819	0.23041692
0.22420899	0.23041572
0.22421978	0.23041452
0.22423058	0.23041332
0.22424138	0.23041212
0.22425218	0.23041092
0.22426298	0.23040973
0.22427377	0.23040853
0.22428457	0.23040733
0.22429537	0.23040613
0.22430617	0.23040493
0.22431697	0.23040373
0.22432776	0.23040253
0.22433856	0.23040133
0.22434936	0.23040013
0.22436016	0.23039893
0.22437096	0.23039773
0.22438176	0.23039654
0.22439255	0.23039534
0.22440335	0.23039414
0.22441415	0.23039294
0.22442495	0.23039174
0.22443575	0.23039054
0.22444654	0.23038935
0.22445734	0.23038815
0.22446814	0.23038695
0.22447894	0.23038575
0.22448974	0.23038455
0.22450053	0.23038335
0.22451133	0.23038215
0.22452213	0.23038095
0.22453293	0.23037975
0.22454373	0.23037855
0.22455452	0.23037735
0.22456532	0.23037616
0.22457612	0.23037496
0.22458692	0.23037376
0.22459772	0.23037256
0.22460851	0.23037136
0.22461931	0.23037017
0.22463011	0.23036897
0.22464091	0.23036777
0.22465171	0.23036657
0.2246625	0.23036537
0.2246733	0.23036417
0.2246841	0.23036297
0.2246949	0.23036177
0.2247057	0.23036057
0.22471649	0.23035937
0.22472729	0.23035818
0.22473809	0.23035698
0.22474889	0.23035578
0.22475969	0.23035458
0.22477048	0.23035338
0.22478128	0.23035219
0.22479208	0.23035099
0.22480288	0.23034979
0.22481368	0.23034859
0.22482447	0.23034739
0.22483527	0.23034619
0.22484607	0.23034499
0.22485687	0.23034379
0.22486767	0.23034259
0.22487847	0.2303414
0.22488926	0.2303402
0.22490006	0.230339
0.22491086	0.2303378
0.22492166	0.23033661
0.22493246	0.23033541
0.22494325	0.23033421
0.22495405	0.23033301
0.22496485	0.23033181
0.22497565	0.23033061
0.22498645	0.23032941
0.22499724	0.23032821
0.22500804	0.23032701
0.22501884	0.23032582
0.22502964	0.23032462
0.22504044	0.23032342
0.22505123	0.23032222
0.22506203	0.23032103
0.22507283	0.23031983
0.22508363	0.23031863
0.22509443	0.23031743
0.22510522	0.23031623
0.22511602	0.23031503
0.22512682	0.23031383
0.22513762	0.23031263
0.22514842	0.23031144
0.22515921	0.23031024
0.22517001	0.23030904
0.22518081	0.23030784
0.22519161	0.23030665
0.22520241	0.23030545
0.2252132	0.23030425
0.225224	0.23030305
0.2252348	0.23030185
0.2252456	0.23030065
0.2252564	0.23029945
0.22526719	0.23029825
0.22527799	0.23029706
0.22528879	0.23029586
0.22529959	0.23029466
0.22531039	0.23029346
0.22532119	0.23029227
0.22533198	0.23029107
0.22534278	0.23028987
0.22535358	0.23028867
0.22536438	0.23028747
0.22537517	0.23028627
0.22538597	0.23028507
0.22539677	0.23028387
0.22540757	0.23028268
0.22541837	0.23028148
0.22542917	0.23028028
0.22543996	0.23027909
0.22545076	0.23027789
0.22546156	0.23027669
0.22547236	0.23027549
0.22548316	0.23027429
0.22549395	0.23027309
0.22550475	0.23027189
0.22551555	0.2302707
0.22552635	0.2302695
0.22553715	0.2302683
0.22554794	0.2302671
0.22555874	0.23026591
0.22556954	0.23026471
0.22558034	0.23026351
0.22559114	0.23026231
0.22560193	0.23026111
0.22561273	0.23025991
0.22562353	0.23025871
0.22563433	0.23025752
0.22564513	0.23025632
0.22565592	0.23025512
0.22566672	0.23025393
0.22567752	0.23025273
0.22568832	0.23025153
0.22569912	0.23025033
0.22570991	0.23024913
0.22572071	0.23024793
0.22573151	0.23024673
0.22574231	0.23024554
0.22575311	0.23024434
0.2257639	0.23024314
0.2257747	0.23024195
0.2257855	0.23024075
0.2257963	0.23023955
0.2258071	0.23023835
0.22581789	0.23023715
0.22582869	0.23023595
0.22583949	0.23023475
0.22585029	0.23023356
0.22586109	0.23023236
0.22587189	0.23023116
0.22588268	0.23022997
0.22589348	0.23022877
0.22590428	0.23022757
0.22591508	0.23022637
0.22592588	0.23022517
0.22593667	0.23022397
0.22594747	0.23022278
0.22595827	0.23022158
0.22596907	0.23022038
0.22597987	0.23021919
0.22599066	0.23021799
0.22600146	0.23021679
0.22601226	0.23021559
0.22602306	0.23021439
0.22603386	0.23021319
0.22604465	0.230212
0.22605545	0.2302108
0.22606625	0.2302096
0.22607705	0.23020841
0.22608785	0.23020721
0.22609864	0.23020601
0.22610944	0.23020481
0.22612024	0.23020361
0.22613104	0.23020241
0.22614184	0.23020122
0.22615263	0.23020002
0.22616343	0.23019882
0.22617423	0.23019763
0.22618503	0.23019643
0.22619583	0.23019523
0.22620662	0.23019403
0.22621742	0.23019283
0.22622822	0.23019163
0.22623902	0.23019044
0.22624982	0.23018924
0.22626061	0.23018804
0.22627141	0.23018685
0.22628221	0.23018565
0.22629301	0.23018445
0.22630381	0.23018325
0.22631461	0.23018205
0.2263254	0.23018086
0.2263362	0.23017966
0.226347	0.23017846
0.2263578	0.23017727
0.2263686	0.23017607
0.22637939	0.23017487
0.22639019	0.23017367
0.22640099	0.23017247
0.22641179	0.23017128
0.22642259	0.23017008
0.22643338	0.23016888
0.22644418	0.23016769
0.22645498	0.23016649
0.22646578	0.23016529
0.22647658	0.23016409
0.22648737	0.23016289
0.22649817	0.23016169
0.22650897	0.2301605
0.22651977	0.2301593
0.22653057	0.23015811
0.22654136	0.23015691
0.22655216	0.23015571
0.22656296	0.23015451
0.22657376	0.23015331
0.22658456	0.23015212
0.22659535	0.23015092
0.22660615	0.23014972
0.22661695	0.23014853
0.22662775	0.23014733
0.22663855	0.23014613
0.22664934	0.23014493
0.22666014	0.23014373
0.22667094	0.23014254
0.22668174	0.23014134
0.22669254	0.23014014
0.22670333	0.23013895
0.22671413	0.23013775
0.22672493	0.23013655
0.22673573	0.23013535
0.22674653	0.23013415
0.22675732	0.23013296
0.22676812	0.23013176
0.22677892	0.23013057
0.22678972	0.23012937
0.22680052	0.23012817
0.22681132	0.23012697
0.22682211	0.23012577
0.22683291	0.23012458
0.22684371	0.23012338
0.22685451	0.23012218
0.22686531	0.23012099
0.2268761	0.23011979
0.2268869	0.23011859
0.2268977	0.23011739
0.2269085	0.2301162
0.2269193	0.230115
0.22693009	0.2301138
0.22694089	0.23011261
0.22695169	0.23011141
0.22696249	0.23011021
0.22697329	0.23010901
0.22698408	0.23010781
0.22699488	0.23010662
0.22700568	0.23010542
0.22701648	0.23010423
0.22702728	0.23010303
0.22703807	0.23010183
0.22704887	0.23010063
0.22705967	0.23009943
0.22707047	0.23009824
0.22708127	0.23009704
0.22709206	0.23009585
0.22710286	0.23009465
0.22711366	0.23009345
0.22712446	0.23009225
0.22713526	0.23009105
0.22714605	0.23008986
0.22715685	0.23008866
0.22716765	0.23008747
0.22717845	0.23008627
0.22718925	0.23008507
0.22720004	0.23008387
0.22721084	0.23008268
0.22722164	0.23008148
0.22723244	0.23008028
0.22724324	0.23007909
0.22725403	0.23007789
0.22726483	0.23007669
0.22727563	0.23007549
0.22728643	0.2300743
0.22729723	0.2300731
0.22730803	0.23007191
0.22731882	0.23007071
0.22732962	0.23006951
0.22734042	0.23006831
0.22735122	0.23006711
0.22736202	0.23006592
0.22737281	0.23006472
0.22738361	0.23006353
0.22739441	0.23006233
0.22740521	0.23006113
0.22741601	0.23005993
0.2274268	0.23005874
0.2274376	0.23005754
0.2274484	0.23005635
0.2274592	0.23005515
0.22747	0.23005395
0.22748079	0.23005275
0.22749159	0.23005155
0.22750239	0.23005036
0.22751319	0.23004916
0.22752399	0.23004797
0.22753478	0.23004677
0.22754558	0.23004557
0.22755638	0.23004437
0.22756718	0.23004318
0.22757798	0.23004198
0.22758877	0.23004079
0.22759957	0.23003959
0.22761037	0.23003839
0.22762117	0.23003719
0.22763197	0.230036
0.22764276	0.2300348
0.22765356	0.23003361
0.22766436	0.23003241
0.22767516	0.23003121
0.22768596	0.23003001
0.22769675	0.23002882
0.22770755	0.23002762
0.22771835	0.23002642
0.22772915	0.23002523
0.22773995	0.23002403
0.22775074	0.23002283
0.22776154	0.23002163
0.22777234	0.23002044
0.22778314	0.23001924
0.22779394	0.23001805
0.22780474	0.23001685
0.22781553	0.23001565
0.22782633	0.23001445
0.22783713	0.23001326
0.22784793	0.23001206
0.22785872	0.23001087
0.22786952	0.23000967
0.22788032	0.23000847
0.22789112	0.23000727
0.22790192	0.23000608
0.22791272	0.23000489
0.22792351	0.23000369
0.22793431	0.23000249
0.22794511	0.23000129
0.22795591	0.2300001
0.22796671	0.2299989
0.2279775	0.22999771
0.2279883	0.22999651
0.2279991	0.22999531
0.2280099	0.22999411
0.2280207	0.22999292
0.22803149	0.22999172
0.22804229	0.22999053
0.22805309	0.22998933
0.22806389	0.22998813
0.22807469	0.22998693
0.22808548	0.22998574
0.22809628	0.22998454
0.22810708	0.22998335
0.22811788	0.22998215
0.22812868	0.22998095
0.22813947	0.22997975
0.22815027	0.22997856
0.22816107	0.22997736
0.22817187	0.22997617
0.22818267	0.22997497
0.22819346	0.22997377
0.22820426	0.22997258
0.22821506	0.22997138
0.22822586	0.22997019
0.22823666	0.22996899
0.22824745	0.22996779
0.22825825	0.22996659
0.22826905	0.2299654
0.22827985	0.2299642
0.22829065	0.22996301
0.22830144	0.22996181
0.22831224	0.22996061
0.22832304	0.22995942
0.22833384	0.22995822
0.22834464	0.22995703
0.22835543	0.22995583
0.22836623	0.22995463
0.22837703	0.22995343
0.22838783	0.22995224
0.22839863	0.22995104
0.22840943	0.22994985
0.22842022	0.22994865
0.22843102	0.22994745
0.22844182	0.22994626
0.22845262	0.22994506
0.22846342	0.22994387
0.22847421	0.22994267
0.22848501	0.22994147
0.22849581	0.22994028
0.22850661	0.22993908
0.22851741	0.22993789
0.2285282	0.22993669
0.228539	0.22993549
0.2285498	0.22993429
0.2285606	0.2299331
0.2285714	0.22993191
0.22858219	0.22993071
0.22859299	0.22992951
0.22860379	0.22992831
0.22861459	0.22992712
0.22862539	0.22992592
0.22863618	0.22992473
0.22864698	0.22992353
0.22865778	0.22992233
0.22866858	0.22992114
0.22867938	0.22991994
0.22869017	0.22991875
0.22870097	0.22991755
0.22871177	0.22991635
0.22872257	0.22991516
0.22873337	0.22991396
0.22874416	0.22991277
0.22875496	0.22991157
0.22876576	0.22991037
0.22877656	0.22990918
0.22878736	0.22990798
0.22879816	0.22990679
0.22880895	0.22990559
0.22881975	0.22990439
0.22883055	0.2299032
0.22884135	0.229902
0.22885215	0.22990081
0.22886294	0.22989961
0.22887374	0.22989841
0.22888454	0.22989722
0.22889534	0.22989602
0.22890614	0.22989483
0.22891693	0.22989363
0.22892773	0.22989243
0.22893853	0.22989124
0.22894933	0.22989004
0.22896013	0.22988885
0.22897092	0.22988765
0.22898172	0.22988645
0.22899252	0.22988526
0.22900332	0.22988406
0.22901412	0.22988287
0.22902491	0.22988167
0.22903571	0.22988047
0.22904651	0.22987928
0.22905731	0.22987808
0.22906811	0.22987689
0.2290789	0.22987569
0.2290897	0.22987449
0.2291005	0.2298733
0.2291113	0.2298721
0.2291221	0.22987091
0.22913289	0.22986971
0.22914369	0.22986851
0.22915449	0.22986732
0.22916529	0.22986613
0.22917609	0.22986493
0.22918688	0.22986373
0.22919768	0.22986253
0.22920848	0.22986134
0.22921928	0.22986015
0.22923008	0.22985895
0.22924087	0.22985775
0.22925167	0.22985656
0.22926247	0.22985536
0.22927327	0.22985417
0.22928407	0.22985297
0.22929487	0.22985177
0.22930566	0.22985058
0.22931646	0.22984938
0.22932726	0.22984819
0.22933806	0.22984699
0.22934886	0.22984579
0.22935965	0.2298446
0.22937045	0.22984341
0.22938125	0.22984221
0.22939205	0.22984101
0.22940285	0.22983982
0.22941364	0.22983862
0.22942444	0.22983743
0.22943524	0.22983623
0.22944604	0.22983503
0.22945684	0.22983384
0.22946763	0.22983265
0.22947843	0.22983145
0.22948923	0.22983025
0.22950003	0.22982905
0.22951083	0.22982786
0.22952162	0.22982667
0.22953242	0.22982547
0.22954322	0.22982427
0.22955402	0.22982308
0.22956482	0.22982188
0.22957561	0.22982069
0.22958641	0.22981949
0.22959721	0.22981829
0.22960801	0.2298171
0.22961881	0.22981591
0.2296296	0.22981471
0.2296404	0.22981351
0.2296512	0.22981232
0.229662	0.22981113
0.2296728	0.22980993
0.22968359	0.22980873
0.22969439	0.22980754
0.22970519	0.22980634
0.22971599	0.22980515
0.22972679	0.22980395
0.22973758	0.22980275
0.22974838	0.22980156
0.22975918	0.22980037
0.22976998	0.22979917
0.22978078	0.22979797
0.22979158	0.22979678
0.22980237	0.22979558
0.22981317	0.22979439
0.22982397	0.22979319
0.22983477	0.22979199
0.22984557	0.2297908
0.22985636	0.22978961
0.22986716	0.22978841
0.22987796	0.22978721
0.22988876	0.22978602
0.22989956	0.22978483
0.22991035	0.22978363
0.22992115	0.22978243
0.22993195	0.22978124
0.22994275	0.22978004
0.22995355	0.22977885
0.22996434	0.22977765
0.22997514	0.22977646
0.22998594	0.22977526
0.22999674	0.22977407
0.23000754	0.22977287
0.23001833	0.22977167
0.23002913	0.22977048
0.23003993	0.22976929
0.23005073	0.22976809
0.23006153	0.22976689
0.23007232	0.2297657
0.23008312	0.22976451
0.23009392	0.22976331
0.23010472	0.22976211
0.23011552	0.22976092
0.23012631	0.22975972
0.23013711	0.22975853
0.23014791	0.22975733
0.23015871	0.22975614
0.23016951	0.22975494
0.2301803	0.22975375
0.2301911	0.22975255
0.2302019	0.22975136
0.2302127	0.22975016
0.2302235	0.22974897
0.23023429	0.22974777
0.23024509	0.22974657
0.23025589	0.22974538
0.23026669	0.22974419
0.23027749	0.22974299
0.23028829	0.22974179
0.23029908	0.2297406
0.23030988	0.22973941
0.23032068	0.22973821
0.23033148	0.22973701
0.23034228	0.22973582
0.23035307	0.22973463
0.23036387	0.22973343
0.23037467	0.22973223
0.23038547	0.22973104
0.23039627	0.22972985
0.23040706	0.22972865
0.23041786	0.22972745
0.23042866	0.22972626
0.23043946	0.22972507
0.23045026	0.22972387
0.23046105	0.22972267
0.23047185	0.22972148
0.23048265	0.22972029
0.23049345	0.22971909
0.23050425	0.22971789
0.23051504	0.2297167
0.23052584	0.22971551
0.23053664	0.22971431
0.23054744	0.22971311
0.23055824	0.22971192
0.23056903	0.22971073
0.23057983	0.22970953
0.23059063	0.22970833
0.23060143	0.22970714
0.23061223	0.22970595
0.23062302	0.22970475
0.23063382	0.22970355
0.23064462	0.22970236
0.23065542	0.22970117
0.23066622	0.22969997
0.23067701	0.22969878
0.23068781	0.22969758
0.23069861	0.22969639
0.23070941	0.22969519
0.23072021	0.229694
0.230731	0.2296928
0.2307418	0.22969161
0.2307526	0.22969041
0.2307634	0.22968922
0.2307742	0.22968802
0.23078499	0.22968683
0.23079579	0.22968563
0.23080659	0.22968444
0.23081739	0.22968325
0.23082819	0.22968205
0.23083899	0.22968085
0.23084978	0.22967966
0.23086058	0.22967847
0.23087138	0.22967727
0.23088218	0.22967607
0.23089298	0.22967488
0.23090377	0.22967369
0.23091457	0.22967249
0.23092537	0.2296713
0.23093617	0.2296701
0.23094697	0.22966891
0.23095776	0.22966771
0.23096856	0.22966652
0.23097936	0.22966533
0.23099016	0.22966413
0.23100096	0.22966293
0.23101175	0.22966174
0.23102255	0.22966055
0.23103335	0.22965935
0.23104415	0.22965815
0.23105495	0.22965696
0.23106574	0.22965577
0.23107654	0.22965457
0.23108734	0.22965338
0.23109814	0.22965218
0.23110894	0.22965099
0.23111973	0.22964979
0.23113053	0.2296486
0.23114133	0.22964741
0.23115213	0.22964621
0.23116293	0.22964501
0.23117372	0.22964382
0.23118452	0.22964263
0.23119532	0.22964143
0.23120612	0.22964024
0.23121692	0.22963904
0.23122771	0.22963785
0.23123851	0.22963665
0.23124931	0.22963546
0.23126011	0.22963427
0.23127091	0.22963307
0.23128171	0.22963187
0.2312925	0.22963068
0.2313033	0.22962949
0.2313141	0.22962829
0.2313249	0.2296271
0.2313357	0.2296259
0.23134649	0.22962471
0.23135729	0.22962351
0.23136809	0.22962232
0.23137889	0.22962113
0.23138969	0.22961993
0.23140048	0.22961873
0.23141128	0.22961754
0.23142208	0.22961635
0.23143288	0.22961515
0.23144368	0.22961396
0.23145447	0.22961277
0.23146527	0.22961157
0.23147607	0.22961037
0.23148687	0.22960918
0.23149767	0.22960799
0.23150846	0.22960679
0.23151926	0.2296056
0.23153006	0.22960441
0.23154086	0.22960321
0.23155166	0.22960201
0.23156245	0.22960082
0.23157325	0.22959963
0.23158405	0.22959843
0.23159485	0.22959724
0.23160565	0.22959605
0.23161644	0.22959485
0.23162724	0.22959365
0.23163804	0.22959246
0.23164884	0.22959127
0.23165964	0.22959007
0.23167043	0.22958888
0.23168123	0.22958769
0.23169203	0.22958649
0.23170283	0.22958529
0.23171363	0.2295841
0.23172442	0.22958291
0.23173522	0.22958171
0.23174602	0.22958052
0.23175682	0.22957933
0.23176762	0.22957813
0.23177842	0.22957694
0.23178921	0.22957574
0.23180001	0.22957455
0.23181081	0.22957335
0.23182161	0.22957216
0.23183241	0.22957097
0.2318432	0.22956977
0.231854	0.22956858
0.2318648	0.22956739
0.2318756	0.22956619
0.2318864	0.22956499
0.23189719	0.2295638
0.23190799	0.22956261
0.23191879	0.22956141
0.23192959	0.22956022
0.23194039	0.22955903
0.23195118	0.22955783
0.23196198	0.22955664
0.23197278	0.22955544
0.23198358	0.22955425
0.23199438	0.22955305
0.23200517	0.22955186
0.23201597	0.22955067
0.23202677	0.22954947
0.23203757	0.22954828
0.23204837	0.22954709
0.23205916	0.22954589
0.23206996	0.2295447
0.23208076	0.2295435
0.23209156	0.22954231
0.23210236	0.22954111
0.23211315	0.22953992
0.23212395	0.22953873
0.23213475	0.22953753
0.23214555	0.22953634
0.23215635	0.22953515
0.23216714	0.22953395
0.23217794	0.22953276
0.23218874	0.22953157
0.23219954	0.22953037
0.23221034	0.22952917
0.23222113	0.22952798
0.23223193	0.22952679
0.23224273	0.22952559
0.23225353	0.2295244
0.23226433	0.22952321
0.23227513	0.22952201
0.23228592	0.22952082
0.23229672	0.22951963
0.23230752	0.22951843
0.23231832	0.22951724
0.23232912	0.22951604
0.23233991	0.22951485
0.23235071	0.22951365
0.23236151	0.22951246
0.23237231	0.22951127
0.23238311	0.22951007
0.2323939	0.22950888
0.2324047	0.22950769
0.2324155	0.22950649
0.2324263	0.2295053
0.2324371	0.22950411
0.23244789	0.22950291
0.23245869	0.22950172
0.23246949	0.22950053
0.23248029	0.22949933
0.23249109	0.22949814
0.23250188	0.22949694
0.23251268	0.22949575
0.23252348	0.22949455
0.23253428	0.22949336
0.23254508	0.22949217
0.23255587	0.22949097
0.23256667	0.22948978
0.23257747	0.22948859
0.23258827	0.22948739
0.23259907	0.2294862
0.23260986	0.22948501
0.23262066	0.22948381
0.23263146	0.22948262
0.23264226	0.22948143
0.23265306	0.22948023
0.23266385	0.22947904
0.23267465	0.22947785
0.23268545	0.22947665
0.23269625	0.22947546
0.23270705	0.22947427
0.23271784	0.22947307
0.23272864	0.22947188
0.23273944	0.22947068
0.23275024	0.22946949
0.23276104	0.22946829
0.23277184	0.2294671
0.23278263	0.22946591
0.23279343	0.22946471
0.23280423	0.22946352
0.23281503	0.22946233
0.23282583	0.22946113
0.23283662	0.22945994
0.23284742	0.22945875
0.23285822	0.22945755
0.23286902	0.22945636
0.23287982	0.22945517
0.23289061	0.22945397
0.23290141	0.22945278
0.23291221	0.22945159
0.23292301	0.22945039
0.23293381	0.2294492
0.2329446	0.22944801
0.2329554	0.22944681
0.2329662	0.22944562
0.232977	0.22944443
0.2329878	0.22944323
0.23299859	0.22944204
0.23300939	0.22944085
0.23302019	0.22943965
0.23303099	0.22943846
0.23304179	0.22943727
0.23305258	0.22943607
0.23306338	0.22943488
0.23307418	0.22943369
0.23308498	0.22943249
0.23309578	0.2294313
0.23310657	0.22943011
0.23311737	0.22942891
0.23312817	0.22942772
0.23313897	0.22942653
0.23314977	0.22942533
0.23316056	0.22942414
0.23317136	0.22942295
0.23318216	0.22942175
0.23319296	0.22942056
0.23320376	0.22941937
0.23321456	0.22941817
0.23322535	0.22941698
0.23323615	0.22941579
0.23324695	0.22941459
0.23325775	0.2294134
0.23326854	0.22941221
0.23327934	0.22941101
0.23329014	0.22940982
0.23330094	0.22940863
0.23331174	0.22940743
0.23332254	0.22940624
0.23333333	0.22940505
0.24098624	0.22856111
0.2509953	0.22746247
0.26100435	0.22636961
0.27101341	0.22528252
0.28102247	0.22420115
0.29103153	0.22312548
0.30104059	0.22205547
0.31104965	0.2209911
0.32105871	0.21993234
0.33106777	0.21887915
0.34107683	0.21783152
0.35108589	0.2167894
0.36109494	0.21575277
0.371104	0.2147216
0.38111306	0.21369586
0.39112212	0.21267553
0.40113118	0.21166057
0.41114024	0.21065096
0.4211493	0.20964667
0.43115836	0.20864766
0.44116742	0.20765392
0.45117648	0.20666541
0.46118554	0.20568211
0.47119459	0.20470399
0.48120365	0.20373103
0.49121271	0.20276319
0.50122177	0.20180044
0.51123083	0.20084277
0.52123989	0.19989014
0.53124895	0.19894253
0.541258	0.19799991
0.55126707	0.19706226
0.56127613	0.19612955
0.5712852	0.19520175
0.58129423	0.19427884
0.5913033	0.19336079
0.60131237	0.19244757
0.61132143	0.19153917
0.62133047	0.19063555
0.63133953	0.18973669
0.6413486	0.18884257
0.65135767	0.18795315
0.66136673	0.18706843
0.67137577	0.18618836
0.68138483	0.18531293
0.6913939	0.18444211
0.70140297	0.18357587
0.711412	0.1827142
0.72142107	0.18185707
0.73143013	0.18100445
0.7414392	0.18015633
0.75144823	0.17931267
0.7614573	0.17847346
0.77146637	0.17763867
0.78147543	0.17680827
0.7914845	0.17598225
0.80149353	0.17516059
0.8115026	0.17434324
0.82151167	0.17353021
0.83152073	0.17272145
0.84152977	0.17191696
0.85153883	0.17111671
0.8615479	0.17032067
0.87155697	0.16952882
0.881566	0.16874115
0.89157507	0.16795762
0.90158413	0.16717823
0.9115932	0.16640293
0.92160227	0.16563173
0.9316113	0.16486458
0.94162037	0.16410147
0.95162943	0.16334239
0.9616385	0.1625873
0.97164753	0.16183619
0.9816566	0.16108904
0.99166567	0.16034583
1.0016747	0.15960653
1.0116838	0.15887112
1.0216928	0.15813959
1.0317019	0.15741191
1.041711	0.15668806
1.05172	0.15596803
1.0617291	0.15525179
1.0717381	0.15453932
1.0817472	0.15383061
1.0917563	0.15312563
1.1017653	0.15242436
1.1117744	0.15172679
1.1217834	0.15103289
1.1317925	0.15034264
1.1418016	0.14965603
1.1518106	0.14897305
1.1618197	0.14829365
1.1718287	0.14761784
1.1818378	0.14694559
1.1918468	0.14627687
1.2018559	0.14561168
1.211865	0.14494999
1.221874	0.14429179
1.2318831	0.14363706
1.2418921	0.14298578
1.2519012	0.14233793
1.2619103	0.14169349
1.2719193	0.14105244
1.2819284	0.14041477
1.2919374	0.13978046
1.3019465	0.13914949
1.3119556	0.13852185
1.3219646	0.13789751
1.3319737	0.13727646
1.3419827	0.13665868
1.3519918	0.13604415
1.3620009	0.13543287
1.3720099	0.1348248
1.382019	0.13421993
1.392028	0.13361826
1.4020371	0.13301975
1.4120461	0.13242439
1.4220552	0.13183217
1.4320643	0.13124308
1.4420733	0.13065708
1.4520824	0.13007417
1.4620914	0.12949433
1.4721005	0.12891755
1.4821096	0.1283438
1.4921186	0.12777308
1.5021277	0.12720536
1.5121367	0.12664063
1.5221458	0.12607888
1.5321549	0.12552009
1.5421639	0.12496424
1.552173	0.12441132
1.562182	0.12386131
1.5721911	0.1233142
1.5822002	0.12276997
1.5922092	0.12222861
1.6022183	0.1216901
1.6122273	0.12115442
1.6222364	0.12062157
1.6322454	0.12009153
1.6422545	0.11956427
1.6522636	0.11903979
1.6622726	0.11851809
1.6722817	0.11799912
1.6822907	0.11748289
1.6922998	0.11696937
1.7023089	0.11645857
1.7123179	0.11595045
1.722327	0.11544501
1.732336	0.11494224
1.7423451	0.11444211
1.7523542	0.11394461
1.7623632	0.11344974
1.7723723	0.11295748
1.7823813	0.11246781
1.7923904	0.11198071
1.8023994	0.11149618
1.8124085	0.11101421
1.8224176	0.11053477
1.8324266	0.11005786
1.8424357	0.10958346
1.8524447	0.10911156
1.8624538	0.10864215
1.8724629	0.10817521
1.8824719	0.10771073
1.892481	0.10724869
1.90249	0.10678909
1.9124991	0.10633191
1.9225082	0.10587714
1.9325172	0.10542476
1.9425263	0.10497477
1.9525353	0.10452715
1.9625444	0.10408188
1.9725535	0.10363897
1.9825625	0.10319838
1.9925716	0.10276011
2.0025806	0.10232415
2.0125897	0.10189049
2.0225987	0.10145912
2.0326078	0.10103002
2.0426169	0.10060317
2.0526259	0.10017858
2.062635	0.099756227
2.072644	0.099336093
2.0826531	0.098918173
2.0926622	0.098502453
2.1026712	0.098088927
2.1126803	0.097677573
2.1226893	0.097268393
2.1326984	0.096861367
2.1427075	0.09645648
2.1527165	0.096053733
2.1627256	0.0956531
2.1727346	0.095254587
2.1827437	0.094858167
2.1927528	0.094463833
2.2027618	0.09407158
2.2127709	0.093681393
2.2227799	0.09329326
2.232789	0.092907173
2.242798	0.09252312
2.2528071	0.092141087
2.2628162	0.091761067
2.2728252	0.091383053
2.2828343	0.091007027
2.2928433	0.09063298
2.3028524	0.090260907
2.3128615	0.089890793
2.3228705	0.089522627
2.3328796	0.089156407
2.3428886	0.088792107
2.3528977	0.088429733
2.3629068	0.088069267
2.3729158	0.087710693
2.3829249	0.087354013
2.3929339	0.086999213
2.402943	0.086646281
2.4129521	0.086295207
2.4229611	0.085945983
2.4329702	0.085598599
2.4429792	0.085253045
2.4529883	0.084909311
2.4629973	0.084567387
2.4730064	0.084227265
2.4830155	0.083888934
2.4930245	0.083552386
2.5030336	0.08321761
2.5130426	0.082884598
2.5230517	0.08255334
2.5330608	0.082223827
2.5430698	0.08189605
2.5530789	0.08157
2.5630879	0.081245667
2.573097	0.080923043
2.5831061	0.080602117
2.5931151	0.080282883
2.6031242	0.079965331
2.6131332	0.079649451
2.6231423	0.079335235
2.6331514	0.079022673
2.6431604	0.078711759
2.6531695	0.078402483
2.6631785	0.078094835
2.6731876	0.077788809
2.6831966	0.077484394
2.6932057	0.077181583
2.7032148	0.076880367
2.7132238	0.076580737
2.7232329	0.076282687
2.7332419	0.075986205
2.743251	0.075691287
2.7532601	0.075397921
2.7632691	0.075106101
2.7732782	0.074815818
2.7832872	0.074527064
2.7932963	0.074239831
2.8033054	0.073954111
2.8133144	0.073669897
2.8233235	0.073387179
2.8333325	0.073105951
2.8433416	0.072826205
2.8533507	0.072547931
2.8633597	0.072271124
2.8733688	0.071995775
2.8833778	0.071721876
2.8933869	0.071449421
2.9033959	0.0711784
2.913405	0.070908807
2.9234141	0.070640634
2.9334231	0.070373874
2.9434322	0.070108519
2.9534412	0.069844561
2.9634503	0.069581995
2.9734594	0.069320811
2.9834684	0.069061003
2.9934775	0.068802565
3.0034865	0.068545487
3.0134956	0.068289763
3.0235047	0.068035387
3.0335137	0.06778235
3.0435228	0.067530647
3.0535318	0.067280269
3.0635409	0.06703121
3.0735499	0.066783463
3.083559	0.066537021
3.0935681	0.066291878
3.1035771	0.066048026
3.1135862	0.065805458
3.1235952	0.065564168
3.1336043	0.065324149
3.1436134	0.065085395
3.1536224	0.064847898
3.1636315	0.064611653
3.1736405	0.064376651
3.1836496	0.064142888
3.1936587	0.063910356
3.2036677	0.063679049
3.2136768	0.06344896
3.2236858	0.063220084
3.2336949	0.062992413
3.243704	0.062765941
3.253713	0.062540663
3.2637221	0.062316571
3.2737311	0.062093659
3.2837402	0.061871922
3.2937492	0.061651353
3.3037583	0.061431946
3.3137674	0.061213695
3.3237764	0.060996593
3.3337855	0.060780635
3.3437945	0.060565814
3.3538036	0.060352125
3.3638127	0.060139561
3.3738217	0.059928118
3.3838308	0.059717788
3.3938398	0.059508567
3.4038489	0.059300447
3.413858	0.059093423
3.423867	0.058887491
3.4338761	0.058682643
3.4438851	0.058478873
3.4538942	0.058276178
3.4639033	0.05807455
3.4739123	0.057873985
3.4839214	0.057674475
3.4939304	0.057476017
3.5039395	0.057278604
3.5139485	0.057082231
3.5239576	0.056886893
3.5339667	0.056692583
3.5439757	0.056499297
3.5539847	0.05630703
3.563994	0.056115775
3.574003	0.055925527
3.584012	0.055736282
3.594021	0.055548034
3.60403	0.055360777
3.614039	0.055174507
3.6240483	0.054989218
3.6340573	0.054804905
3.6440663	0.054621563
3.6540753	0.054439186
3.6640843	0.054257771
3.6740933	0.054077311
3.6841027	0.053897801
3.6941117	0.053719237
3.7041207	0.053541614
3.7141297	0.053364927
3.7241387	0.05318917
3.734148	0.053014339
3.744157	0.052840429
3.754166	0.052667435
3.764175	0.052495353
3.774184	0.052324177
3.784193	0.052153902
3.7942023	0.051984525
3.8042113	0.051816039
3.8142203	0.051648442
3.8242293	0.051481727
3.8342383	0.05131589
3.8442473	0.051150927
3.8542567	0.050986833
3.8642657	0.050823603
3.8742747	0.050661234
3.8842837	0.050499719
3.8942927	0.050339055
3.904302	0.050179238
3.914311	0.050020263
3.92432	0.049862125
3.934329	0.049704819
3.944338	0.049548343
3.954347	0.049392691
3.9643563	0.049237859
3.9743653	0.049083843
3.9843743	0.048930637
3.9943833	0.048778239
4.0043923	0.048626643
4.0144017	0.048475847
4.0244107	0.048325844
4.0344197	0.048176632
4.0444287	0.048028205
4.0544377	0.047880561
4.0644467	0.047733694
4.074456	0.047587601
4.084465	0.047442278
4.094474	0.04729772
4.104483	0.047153923
4.114492	0.047010884
4.124501	0.046868599
4.1345103	0.046727063
4.1445193	0.046586273
4.1545283	0.046446223
4.1645373	0.046306913
4.1745463	0.046168335
4.1845557	0.046030488
4.1945647	0.045893367
4.2045737	0.045756968
4.2145827	0.045621288
4.2245917	0.045486323
4.2346007	0.045352068
4.24461	0.045218521
4.254619	0.045085677
4.264628	0.044953533
4.274637	0.044822085
4.284646	0.044691329
4.294655	0.044561263
4.3046643	0.044431881
4.3146733	0.044303181
4.3246823	0.044175159
4.3346913	0.044047811
4.3447003	0.043921134
4.3547097	0.043795125
4.3647187	0.043669779
4.3747277	0.043545093
4.3847367	0.043421064
4.3947457	0.043297689
4.4047547	0.043174963
4.414764	0.043052885
4.424773	0.042931449
4.434782	0.042810652
4.444791	0.042690493
4.4548	0.042570965
4.464809	0.042452068
4.4748183	0.042333797
4.4848273	0.042216149
4.4948363	0.042099121
4.5048453	0.041982709
4.5148543	0.041866911
4.5248637	0.041751722
4.5348727	0.041637141
4.5448817	0.041523162
4.5548907	0.041409785
4.5648997	0.041297004
4.5749087	0.041184817
4.584918	0.041073222
4.594927	0.040962214
4.604936	0.040851791
4.614945	0.04074195
4.624954	0.040632687
4.634963	0.040524001
4.6449723	0.040415886
4.6549813	0.040308341
4.6649903	0.040201363
4.6749993	0.040094948
4.6850083	0.039989093
4.6950177	0.039883797
4.7050267	0.039779055
4.7150357	0.039674864
4.7250447	0.039571223
4.7350537	0.039468127
4.7450627	0.039365575
4.755072	0.039263563
4.765081	0.039162088
4.77509	0.039061147
4.785099	0.038960739
4.795108	0.038860859
4.8051173	0.038761505
4.8151263	0.038662675
4.8251353	0.038564366
4.8351443	0.038466574
4.8451533	0.038369297
4.8551623	0.038272533
4.8651717	0.038176279
4.8751807	0.038080531
4.8851897	0.037985289
4.8951987	0.037890547
4.9052077	0.037796305
4.9152167	0.037702559
4.925226	0.037609307
4.935235	0.037516547
4.945244	0.037424275
4.955253	0.037332489
4.965262	0.037241186
4.9752713	0.037150365
4.9852803	0.037060021
4.9952893	0.036970154
5.0052983	0.03688076
5.0153073	0.036791837
5.0253163	0.036703383
5.0353257	0.036615394
5.0453347	0.036527869
5.0553437	0.036440805
5.0653527	0.036354199
5.0753617	0.036268051
5.0853707	0.036182355
5.09538	0.036097111
5.105389	0.036012316
5.115398	0.035927968
5.125407	0.035844064
5.135416	0.035760602
5.1454253	0.03567758
5.1554343	0.035594995
5.1654433	0.035512845
5.1754523	0.035431128
5.1854613	0.035349841
5.1954703	0.035268983
5.2054797	0.03518855
5.2154887	0.035108541
5.2254977	0.035028954
5.2355067	0.034949785
5.2455157	0.034871035
5.2555247	0.034792698
5.265534	0.034714775
5.275543	0.034637261
5.285552	0.034560157
5.295561	0.034483458
5.30557	0.034407163
5.3155793	0.03433127
5.3255883	0.034255777
5.3355973	0.034180682
5.3456063	0.034105982
5.3556153	0.034031676
5.3656243	0.033957761
5.3756337	0.033884236
5.3856427	0.033811098
5.3956517	0.033738345
5.4056607	0.033665975
5.4156697	0.033593987
5.4256787	0.033522377
5.435688	0.033451145
5.445697	0.033380289
5.455706	0.033309805
5.465715	0.033239693
5.475724	0.033169951
5.4857333	0.033100575
5.4957423	0.033031565
5.5057513	0.032962919
5.5157603	0.032894633
5.5257693	0.032826708
5.5357783	0.032759141
5.5457877	0.032691929
5.5557967	0.032625072
5.5658057	0.032558567
5.5758147	0.032492412
5.5858237	0.032426605
5.5958327	0.032361146
5.605842	0.032296031
5.615851	0.032231259
5.62586	0.032166828
5.635869	0.032102737
5.645878	0.032038983
5.6558873	0.031975565
5.6658963	0.031912481
5.6759053	0.03184973
5.6859143	0.031787309
5.6959233	0.031725217
5.7059323	0.031663452
5.7159417	0.031602012
5.7259507	0.031540896
5.7359597	0.031480102
5.7459687	0.031419628
5.7559777	0.031359473
5.765987	0.031299635
5.775996	0.031240111
5.786005	0.031180901
5.796014	0.031122004
5.806023	0.031063417
5.816032	0.031005137
5.8260413	0.030947165
5.8360503	0.030889499
5.8460593	0.030832137
5.8560683	0.030775076
5.8660773	0.030718316
5.8760863	0.030661855
5.8860957	0.030605691
5.8961047	0.030549823
5.9061137	0.03049425
5.9161227	0.030438969
5.9261317	0.03038398
5.936141	0.03032928
5.94615	0.030274869
5.956159	0.030220743
5.966168	0.030166903
5.976177	0.030113347
5.986186	0.030060073
5.9961953	0.030007079
6.0062043	0.029954365
6.0162133	0.029901929
6.0262223	0.029849768
6.0362313	0.029797882
6.0462403	0.02974627
6.0562497	0.029694929
6.0662587	0.029643859
6.0762677	0.029593058
6.0862767	0.029542525
6.0962857	0.029492257
6.106295	0.029442255
6.116304	0.029392516
6.126313	0.029343039
6.136322	0.029293823
6.146331	0.029244865
6.15634	0.029196166
6.1663493	0.029147723
6.1763583	0.029099536
6.1863673	0.029051602
6.1963763	0.029003921
6.2063853	0.028956491
6.2163943	0.028909311
6.2264037	0.028862379
6.2364127	0.028815695
6.2464217	0.028769256
6.2564307	0.028723062
6.2664397	0.028677111
6.276449	0.028631403
6.286458	0.028585935
6.296467	0.028540707
6.306476	0.028495717
6.316485	0.028450964
6.326494	0.028406447
6.3365033	0.028362164
6.3465123	0.028318115
6.3565213	0.028274297
6.3665303	0.028230711
6.3765393	0.028187354
6.3865483	0.028144225
6.3965577	0.028101323
6.4065667	0.028058648
6.4165757	0.028016197
6.4265847	0.027973971
6.4365937	0.027931966
6.446603	0.027890183
6.456612	0.027848619
6.466621	0.027807275
6.47663	0.027766149
6.486639	0.027725239
6.496648	0.027684545
6.5066573	0.027644065
6.5166663	0.027603798
6.5266753	0.027563743
6.5366843	0.0275239
6.5466933	0.027484266
6.5567027	0.027444841
6.5667117	0.027405624
6.5767207	0.027366613
6.5867297	0.027327808
6.5967387	0.027289207
6.6067477	0.02725081
6.616757	0.027212615
6.626766	0.027174621
6.636775	0.027136827
6.646784	0.027099232
6.656793	0.027061835
6.666802	0.027024636
6.6768113	0.026987632
6.6868203	0.026950823
6.6968293	0.026914208
6.7068383	0.026877786
6.7168473	0.026841556
6.7268567	0.026805517
6.7368657	0.026769667
6.7468747	0.026734007
6.7568837	0.026698534
6.7668927	0.026663248
6.7769017	0.026628148
6.786911	0.026593233
6.79692	0.026558501
6.806929	0.026523953
6.816938	0.026489587
6.826947	0.026455402
6.836956	0.026421396
6.8469653	0.02638757
6.8569743	0.026353922
6.8669833	0.026320452
6.8769923	0.026287157
6.8870013	0.026254039
6.8970107	0.026221094
6.9070197	0.026188323
6.9170287	0.026155725
6.9270377	0.026123298
6.9370467	0.026091043
6.9470557	0.026058957
6.957065	0.02602704
6.967074	0.025995291
6.977083	0.02596371
6.987092	0.025932295
6.997101	0.025901045
7.00711	0.02586996
7.0171193	0.025839039
7.0271283	0.02580828
7.0371373	0.025777684
7.0471463	0.025747249
7.0571553	0.025716974
7.0671647	0.025686859
7.0771737	0.025656902
7.0871827	0.025627103
7.0971917	0.025597461
7.1072007	0.025567975
7.1172097	0.025538645
7.127219	0.025509469
7.137228	0.025480447
7.147237	0.025451577
7.157246	0.02542286
7.167255	0.025394294
7.177264	0.025365878
7.1872733	0.025337612
7.1972823	0.025309495
7.2072913	0.025281526
7.2173003	0.025253705
7.2273093	0.02522603
7.2373187	0.025198501
7.2473277	0.025171116
7.2573367	0.025143877
7.2673457	0.02511678
7.2773547	0.025089826
7.2873637	0.025063015
7.297373	0.025036344
7.307382	0.025009814
7.317391	0.024983424
7.3274	0.024957173
7.337409	0.02493106
7.3474183	0.024905084
7.3574273	0.024879246
7.3674363	0.024853543
7.3774453	0.024827976
7.3874543	0.024802544
7.3974633	0.024777245
7.4074727	0.02475208
7.4174817	0.024727048
7.4274907	0.024702147
7.4374997	0.024677377
7.4475087	0.024652738
7.4575177	0.024628229
7.467527	0.024603849
7.477536	0.024579597
7.487545	0.024555473
7.497554	0.024531476
7.507563	0.024507606
7.5175723	0.024483861
7.5275813	0.024460241
7.5375903	0.024436746
7.5475993	0.024413375
7.5576083	0.024390126
7.5676173	0.024367
7.5776267	0.024343996
7.5876357	0.024321113
7.5976447	0.024298351
7.6076537	0.024275708
7.6176627	0.024253185
7.6276717	0.024230781
7.637681	0.024208494
7.64769	0.024186325
7.657699	0.024164273
7.667708	0.024142337
7.677717	0.024120516
7.6877263	0.02409881
7.6977353	0.024077219
7.7077443	0.024055741
7.7177533	0.024034377
7.7277623	0.024013125
7.7377713	0.023991985
7.7477807	0.023970956
7.7577897	0.023950038
7.7677987	0.023929231
7.7778077	0.023908533
7.7878167	0.023887944
7.7978257	0.023867463
7.807835	0.02384709
7.817844	0.023826825
7.827853	0.023806666
7.837862	0.023786614
7.847871	0.023766667
7.8578803	0.023746826
7.8678893	0.023727088
7.8778983	0.023707455
7.8879073	0.023687925
7.8979163	0.023668498
7.9079253	0.023649174
7.9179347	0.023629951
7.9279437	0.02361083
7.9379527	0.023591809
7.9479617	0.023572888
7.9579707	0.023554067
7.9679797	0.023535345
7.977989	0.023516722
7.987998	0.023498197
7.998007	0.02347977
8.008016	0.023461439
8.018025	0.023443205
8.0280343	0.023425068
8.0380433	0.023407025
8.0480523	0.023389078
8.0580613	0.023371225
8.0680703	0.023353467
8.0780793	0.023335802
8.0880887	0.02331823
8.0980977	0.02330075
8.1081067	0.023283363
8.1181157	0.023266067
8.1281247	0.023248862
8.138134	0.023231748
8.148143	0.023214724
8.158152	0.02319779
8.168161	0.023180945
8.17817	0.023164189
8.188179	0.023147521
8.1981883	0.02313094
8.2081973	0.023114448
8.2182063	0.023098042
8.2282153	0.023081722
8.2382243	0.023065488
8.2482333	0.02304934
8.2582427	0.023033277
8.2682517	0.023017299
8.2782607	0.023001405
8.2882697	0.022985594
8.2982787	0.022969867
8.308288	0.022954222
8.318297	0.02293866
8.328306	0.02292318
8.338315	0.022907782
8.348324	0.022892465
8.358333	0.022877228
8.3683423	0.022862071
8.3783513	0.022846995
8.3883603	0.022831998
8.3983693	0.02281708
8.4083783	0.02280224
8.4183873	0.022787479
8.4283967	0.022772795
8.4384057	0.022758189
8.4484147	0.022743659
8.4584237	0.022729207
8.4684327	0.02271483
8.478442	0.022700529
8.488451	0.022686303
8.49846	0.022672153
8.508469	0.022658077
8.518478	0.022644075
8.528487	0.022630146
8.5384963	0.022616292
8.5485053	0.02260251
8.5585143	0.0225888
8.5685233	0.022575163
8.5785323	0.022561598
8.5885413	0.022548104
8.5985507	0.022534682
8.6085597	0.02252133
8.6185687	0.022508048
8.6285777	0.022494836
8.6385867	0.022481694
8.648596	0.022468622
8.658605	0.022455618
8.668614	0.022442682
8.678623	0.022429815
8.688632	0.022417015
8.698641	0.022404283
8.7086503	0.022391618
8.7186593	0.02237902
8.7286683	0.022366488
8.7386773	0.022354022
8.7486863	0.022341621
8.7586953	0.022329286
8.7687047	0.022317016
8.7787137	0.022304811
8.7887227	0.02229267
8.7987317	0.022280593
8.8087407	0.022268579
8.81875	0.022256629
8.828759	0.022244742
8.838768	0.022232917
8.848777	0.022221155
8.858786	0.022209454
8.868795	0.022197816
8.8788043	0.022186238
8.8888133	0.022174722
8.8988223	0.022163266
8.9088313	0.02215187
8.9188403	0.022140535
8.9288493	0.022129259
8.9388587	0.022118043
8.9488677	0.022106886
8.9588767	0.022095787
8.9688857	0.022084747
8.9788947	0.022073765
8.988904	0.022062841
8.998913	0.022051975
9.008922	0.022041166
9.018931	0.022030414
9.02894	0.022019718
9.038949	0.022009079
9.0489583	0.021998495
9.0589673	0.021987968
9.0689763	0.021977496
9.0789853	0.021967079
9.0889943	0.021956717
9.0990037	0.02194641
9.1090127	0.021936156
9.1190217	0.021925957
9.1290307	0.021915812
9.1390397	0.02190572
9.1490487	0.021895681
9.159058	0.021885695
9.169067	0.021875762
9.179076	0.021865881
9.189085	0.021856052
9.199094	0.021846275
9.209103	0.021836549
9.2191123	0.021826875
9.2291213	0.021817251
9.2391303	0.021807679
9.2491393	0.021798156
9.2591483	0.021788684
9.2691577	0.021779262
9.2791667	0.021769889
9.2891757	0.021760566
9.2991847	0.021751292
9.3091937	0.021742067
9.3192027	0.02173289
9.329212	0.021723762
9.339221	0.021714681
9.34923	0.021705649
9.359239	0.021696664
9.369248	0.021687726
9.379257	0.021678836
9.3892663	0.021669992
9.3992753	0.021661195
9.4092843	0.021652445
9.4192933	0.02164374
9.4293023	0.021635081
9.4393117	0.021626468
9.4493207	0.0216179
9.4593297	0.021609378
9.4693387	0.0216009
9.4793477	0.021592467
9.4893567	0.021584078
9.499366	0.021575734
9.509375	0.021567433
9.519384	0.021559177
9.529393	0.021550963
9.539402	0.021542793
9.549411	0.021534666
9.5594203	0.021526582
9.5694293	0.02151854
9.5794383	0.021510541
9.5894473	0.021502584
9.5994563	0.021494669
9.6094657	0.021486795
9.6194747	0.021478963
9.6294837	0.021471173
9.6394927	0.021463423
9.6495017	0.021455714
9.6595107	0.021448046
9.66952	0.021440418
9.679529	0.02143283
9.689538	0.021425282
9.699547	0.021417775
9.709556	0.021410306
9.719565	0.021402877
9.7295743	0.021395487
9.7395833	0.021388136
9.7495923	0.021380824
9.7596013	0.02137355
9.7696103	0.021366314
9.7796197	0.021359117
9.7896287	0.021351958
9.7996377	0.021344836
9.8096467	0.021337752
9.8196557	0.021330705
9.8296647	0.021323695
9.839674	0.021316722
9.849683	0.021309786
9.859692	0.021302887
9.869701	0.021296023
9.87971	0.021289196
9.8897193	0.021282405
9.8997283	0.02127565
9.9097373	0.02126893
9.9197463	0.021262246
9.9297553	0.021255597
9.9397643	0.021248982
9.9497737	0.021242403
9.9597827	0.021235859
9.9697917	0.021229348
9.9798007	0.021222873
9.9898097	0.021216431
9.9998187	0.021210023
10.009828	0.021203649
10.019837	0.021197309
10.029846	0.021191001
10.039855	0.021184728
10.049864	0.021178487
10.059873	0.021172279
10.069882	0.021166104
10.079891	0.021159961
10.0899	0.021153851
10.099909	0.021147772
10.109918	0.021141726
10.119928	0.021135712
10.129937	0.021129729
10.139946	0.021123778
10.149955	0.021117859
10.159964	0.02111197
10.169973	0.021106113
10.179982	0.021100286
10.189991	0.02109449
10.2	0.021088724
